feature,d,d_ptb,d_nin,p_raw,ci_excl0,cross_ok,p_FDR,gate
qrs_posneg_ratio_med_V5,2.141408815930713,1.8252283248385004,2.28113728620407,2.2808251705153424e-30,True,True,2.6077434449558747e-28,True
delta_time_to_half_med_II,-1.7775535853747269,-1.8026204300327413,-1.6154094667925154,1.2070672766902965e-19,True,True,3.0668450067020125e-18,True
delta_ratio_init_peak_med_V5,1.6757724514560168,1.5065817292018666,1.7049557150351715,5.60757859335435e-26,True,True,3.497089922764622e-24,True
qrs_posneg_ratio_iqr_V5,1.6164893814368544,1.0921528868806738,2.2717813190603406,2.8863627055825737e-27,True,True,2.2000497955884952e-25,True
freq_hf_ratio_med_V5,-1.609198976420782,-1.437815345994993,-1.646742834244712,2.249472149348727e-40,True,True,1.5431378944532267e-37,True
delta_ratio_init_peak_med_II,1.56376099893483,1.6960119267127394,1.262765245573222,6.295318863876958e-23,True,True,1.962994882099815e-21,True
delta_slow_phase_ms_med_V5,-1.4463333698122762,-1.4045940468653835,-1.3295525108385926,2.5219220410110364e-23,True,True,9.105465895439847e-22,True
qrs_ninflect_med_V5,-1.4365704555097325,-1.3005204923373308,-1.4497600140423752,1.1657077291771016e-31,True,True,2.6655850073849723e-29,True
qrs_kurt_med_V5,-1.358361042917695,-1.2618549887101844,-1.339245378873506,9.42998401175212e-33,True,True,3.2344845160309775e-30,True
delta_slow_phase_ms_med_II,-1.3459939279789466,-1.4239855698592914,-1.1326922922306202,1.1124548887025722e-17,True,True,2.2445413342646016e-16,True
delta_time_to_half_med_V5,-1.331726362172623,-1.367569420270142,-1.1793781077391208,5.489966390799373e-31,True,True,9.415292360220925e-29,True
delta_t_to_max_med_II,-1.2655175118381916,-1.7067936800983223,-0.5747139740337903,2.4339011619569236e-07,True,True,1.6210254340800482e-06,True
delta_vel_quarter_med_V5,1.2597585140295289,1.2817293742812734,1.2352154848279355,3.111397122832177e-28,True,True,2.668023032828592e-26,True
delta_ratio_init_peak_med_V1,1.178838682730232,1.4698938510883814,0.8567691588400936,5.607892976128717e-25,True,True,3.205845484686916e-23,True
qrs_asym_med_V1,1.1753766254488276,0.2586618072648857,2.4199939269315505,0.051593743863980523,True,True,0.09705588105196784,False
delta_area_third_med_V5,1.1407146482569304,1.170395410336681,1.1765335758629603,1.251593093653121e-22,True,True,3.733012444548004e-21,True
st_slope_J40_med_V1,-1.1211422904780417,-0.7241755558069727,-1.7903604758793534,1.4787593326534095e-07,True,True,1.067819897052883e-06,True
delta_t_to_max_med_V1,-1.0936595240171918,-1.3547127115874182,-0.7930578147872485,6.199667618530395e-18,True,True,1.28877938979147e-16,True
delta_slow_phase_ms_med_V1,-0.9913785943698274,-1.2546513231609426,-0.7067860881988788,8.641236933802035e-19,True,True,1.975962845529399e-17,True
delta_t_to_max_med_V5,-0.9829228292629719,-1.196459290779565,-0.5707258551031177,1.1201227856317095e-12,True,True,1.506674962634025e-11,True
delta_time_to_half_med_V1,-0.9753572874237947,-1.3230988006008835,-0.6414996197204168,1.5763140840861605e-23,True,True,6.360890951077095e-22,True
delta_vel_half_med_V5,0.9671863291878213,1.0316814626316904,0.9232647207901609,1.4649378134908622e-24,True,True,7.730364154267165e-23,True
qrs_width75_med_II,0.9609006563060513,0.66085543968565,1.2074965575823973,1.5890317926462487e-15,True,True,2.7251895243883165e-14,True
RS_ratio_V1,0.9324483975237817,1.2028591673928428,0.06092155399561614,0.288503786888477,True,False,0.39662043648395834,False
qrs_kurt_med_II,-0.9161357021302626,-0.910559697161811,-0.8300019216495585,3.2868022207871107e-19,True,True,7.774987322275718e-18,True
up_slope_iqr_V1,0.9109739594899547,1.4848016570129303,0.3014389664642546,1.822625155225399e-09,True,True,1.623793320109901e-08,True
delta_smoothness_med_II,0.893259797052346,0.585824073285063,1.212337969246373,0.1772028786416957,True,True,0.2701359438848961,False
t_area_med_II,0.8914484242133134,1.3515165030802578,0.22886445008359602,1.4275407851356666e-05,True,True,6.994949847164766e-05,True
qrs_ninflect_med_V1,-0.8912227503827065,-0.49343563195467743,-1.1459621498679182,4.239380709055063e-18,True,True,9.08817239503679e-17,True
qrs_npeaks_med_V5,-0.8657225766219484,-0.7775798321415534,-0.8398787458335697,3.119354929423315e-16,True,True,5.631256530485247e-15,True
up_down_ratio_med_V1,0.8566139039188515,1.0026206635530313,0.05160446156263393,4.4808755578330055e-05,True,False,0.00020356825381943324,False
qrs_fwhm_med_V1,-0.8408546194345066,-0.883533437945716,-0.9982265369688385,2.829866358632991e-20,True,True,7.4664935462393535e-19,True
qrs_width50_med_V1,-0.8408546194345066,-0.883533437945716,-0.9982265369688385,2.829866358632991e-20,True,True,7.4664935462393535e-19,True
delta_vel_half_iqr_V1,0.834423354254871,1.4282683387274158,0.25179417756959055,1.2150350438421944e-09,True,True,1.1418000548982814e-08,True
freq_hf_ratio_med_II,-0.8317528227432077,-0.66649721638237,-0.9147381572856286,6.704602652993412e-14,True,True,9.785866850964854e-13,True
Q_amp_med_II,0.8122499946055854,0.43116319042430523,1.181934094001734,8.86045440860441e-14,True,True,1.2404636172046174e-12,True
delta_area_third_med_II,0.8019914877945252,0.900709584561996,0.7188439426509269,7.673394596858117e-14,True,True,1.0966559778009725e-12,True
qrs_width25_med_V1,-0.8008007162852354,-0.5994952193979409,-1.074082408775773,2.2999290798400713e-24,True,True,1.051834232513526e-22,True
qrs_area_med_V5,0.7949016136303134,0.8940851290723576,0.7989630167480084,1.7675636323452917e-14,True,True,2.7557923904292503e-13,True
qrs_skew_med_II,-0.7726487951457409,-0.6696437518760314,-0.7845356951827446,1.7315305084179274e-16,True,True,3.2103511588505354e-15,True
qrs_absarea_med_V5,0.7724879436472931,1.0211068988352496,0.737623064514617,1.30398509666403e-12,True,True,1.6877995779462728e-11,True
qrs_npeaks_med_II,-0.7648123462905655,-0.740608570049057,-0.6410968698857991,1.2987415980528846e-12,True,True,1.6877995779462728e-11,True
delta_smoothness_std_II,0.7532145225183093,1.0881779883337925,0.16094375195507862,2.9087122158104885e-09,True,False,2.5581751026230708e-08,False
delta_t_to_max_iqr_II,0.7512201311685033,0.6653960833822748,0.7964367529171096,0.0010004507011539855,True,True,0.0032995633701520866,True
qrs_ninflect_med_II,-0.7408383547903369,-0.6057438828667326,-0.7509078206791123,2.9829034314077406e-12,True,True,3.6540567034744825e-11,True
delta_vel_quarter_iqr_V1,0.7400646446045291,1.2961085437278346,0.14959309980988747,8.333894374432433e-10,True,False,8.052185268817817e-09,False
qrs_skew_med_V5,-0.739864486495821,-0.7594491958713481,-0.6693500439099853,1.509287927369262e-18,True,True,3.3399081231461735e-17,True
qrs_asym_std_V1,0.7270702902362858,0.7904082952613277,0.5306415431468414,0.7769035030939095,True,True,0.8353539233893761,False
delta_t_to_max_std_II,0.7259364884382477,0.4918952018637422,0.8817556922672521,1.2555272440945554e-05,True,True,6.198121731926704e-05,True
qrs_fwhm_med_II,0.7208057472129424,0.7130560635169315,0.6331259196804981,1.0005546215996047e-16,True,True,1.906612417825913e-15,True
qrs_width50_med_II,0.7208057472129424,0.7130560635169315,0.6331259196804981,1.0005546215996047e-16,True,True,1.906612417825913e-15,True
delta_area_third_med_V1,0.7161302727799395,0.9069007979146164,0.5242985402771885,2.9004168186894875e-26,True,True,1.9896859376209887e-24,True
st_slope_J80_med_II,0.6975741210154018,1.1371593966817346,0.12235182531166712,1.0694473060057289e-06,True,False,6.6093770443236936e-06,False
st_level_J_med_II,-0.6859801734904794,-1.1556489764912572,-0.1073472911705515,4.824382094434507e-05,True,False,0.0002149042932975371,False
qrs_npeaks_std_V1,-0.684121638950344,-0.5128517682109239,-0.951839297289746,1.8027966918071947e-07,True,True,1.2619576842650364e-06,True
delta_ratio_init_peak_iqr_II,0.6785354617162841,0.5999254902129285,0.6905479730622409,1.0787207320969829e-11,True,True,1.2542413935907294e-10,True
delta_area_third_iqr_V1,0.6714374857717149,1.1604679578765393,0.1245156932378125,2.1002953400381247e-15,True,False,3.5141526908930576e-14,False
qrs_width75_med_V5,0.6684227562201973,0.6822208221840016,0.6111344562414017,1.8687118730629502e-23,True,True,7.121868582895466e-22,True
qrs_width25_skew_V1,0.6623774855547429,0.604276348063724,0.7778843884364185,1.1408883856914394e-07,True,True,8.507059049829646e-07,True
R_amp_iqr_V1,0.6570056792880676,0.7346585542876142,0.7444090534219302,0.008953697736202212,True,True,0.021704016420617377,True
delta_smoothness_iqr_II,0.6490563283283957,0.34760196268563254,1.1446862097366848,1.2596935947676699e-11,True,True,1.4166390262469204e-10,True
down_slope_med_V1,-0.6398775792683578,-0.7252122883606785,-0.6879228943082834,1.093647443577245e-07,True,True,8.244419190043846e-07,True
qrs_nzero_skew_V5,-0.6384890885537411,-0.3712765379338232,-0.553923242405678,0.006866840430473875,True,True,0.01731857549744514,True
delta_vel_half_std_V1,0.6234231631362193,0.9933681647168638,0.28767768126559384,1.1975690323877717e-10,True,True,1.3250521874484056e-09,True
qrs_ninflect_std_V1,-0.6231650884006419,-0.5846807115372491,-0.835534092355498,1.886570464309043e-05,True,True,8.86429683915071e-05,True
qrs_skew_med_V1,0.6186943607940268,0.8194090166945871,0.7348265887541321,4.61282947039763e-05,True,True,0.00020682359586227282,True
delta_empatement_area_med_V5,-0.6143446008540278,-0.617431263890339,-0.5213539246763397,1.2593752627814544e-11,True,True,1.4166390262469204e-10,True
Q_amp_med_V5,0.60865913082141,0.342916502801292,0.817270370551045,6.745610136479098e-09,True,True,5.857580447626153e-08,True
st_slope_J40_std_V1,0.6022998412547238,0.5243096611451891,0.6367497188173905,0.06569961990709874,True,True,0.11916703161319796,False
qrs_absarea_med_II,0.6015557006099403,0.6249039211888581,0.6078498199028074,4.129505595943091e-05,True,True,0.00019012354622932622,True
delta_time_to_half_iqr_II,0.601554586512038,0.7737030409530641,0.31875911253097855,0.00028448157885815396,True,True,0.0010722767203115034,True
st_slope_med_II,0.5992193372810526,0.8753821505645843,0.34294838922005516,5.588774266350876e-06,True,True,2.9491531897820774e-05,True
delta_ratio_init_peak_iqr_V1,0.5989991302855961,0.7573148668420825,0.31451741376383513,3.2265743255274475e-08,True,True,2.6667831172431674e-07,True
t_upslope_med_II,0.5963814162942167,0.8654702230126242,0.3431049543343681,5.75063702192705e-06,True,True,3.011402287818287e-05,True
delta_vel_quarter_std_V1,0.5956708590645646,0.9827032062052722,0.2176868383940985,2.137995840545836e-10,True,True,2.2222199191127932e-09,True
delta_ratio_init_peak_skew_V1,-0.5786798447217437,-0.7906246275526383,-0.4041447663341017,5.593959283182402e-10,True,True,5.561530533714678e-09,True
delta_ratio_init_peak_iqr_V5,0.5776517639997371,0.5456490085891949,0.5786184857602088,4.490559321195288e-16,True,True,7.898778703435815e-15,True
qrs_width50_med_V5,0.5773583704237848,0.5334131365623439,0.5772058378482902,4.16277137946711e-23,True,True,1.3598386506259226e-21,True
qrs_fwhm_med_V5,0.5773583704237848,0.5334131365623439,0.5772058378482902,4.16277137946711e-23,True,True,1.3598386506259226e-21,True
delta_area_third_std_V1,0.5771261021574206,0.9051927103760301,0.23718397469978014,2.5583199963102086e-15,True,True,4.178589327306674e-14,True
qrs_higuchi_med_V5,-0.5747536742482271,-0.5741956650237174,-0.44564886290342054,3.0676427123054513e-15,True,True,4.893960234050092e-14,True
t_area_med_V1,0.5695219865555097,-0.032671790002078434,1.351522778414257,0.032370672930531995,True,False,0.06589401077253694,False
delta_area_third_skew_V1,-0.5614797529333748,-0.5610556541080417,-0.5591870249665728,6.208866495226043e-08,True,True,4.934491362821479e-07,True
qrs_asym_iqr_V1,0.5547197078216333,0.9030461937615217,-0.05081856931066227,0.3341913612270957,True,False,0.44257774865209976,False
freq_hf_ratio_med_V1,-0.5517889078219462,-0.2787990697624473,-0.7248526531218339,9.159419663243723e-07,True,True,5.712147171804722e-06,True
delta_slopemean_iqr_V1,0.5438360821725067,1.1936402209150645,0.030003536495043386,1.3811956836127317e-06,True,False,8.239132512681165e-06,False
qrs_width25_med_II,0.5425200087126069,0.6152212096222968,0.42247943084447215,1.3373103017643158e-10,True,True,1.4561823285878104e-09,True
qrs_npeaks_med_V1,-0.5349624404694722,-0.3258004836741396,-0.6075446790037606,3.389464145412482e-07,True,True,2.23574269591631e-06,True
delta_vel_half_med_V1,0.5335785816976883,0.5147624067137844,0.5523026968003552,2.612936602258122e-06,True,True,1.5062811001252703e-05,True
delta_t_to_max_iqr_V5,0.5219535909278267,0.8090513628796291,0.2139882496929046,3.92002924685016e-06,True,True,2.1195159389093476e-05,True
delta_time_to_half_std_II,0.5216035741814188,0.5434879285202973,0.37227895792653976,4.81197771077736e-06,True,True,2.5589276818552474e-05,True
st_slope_J40_med_V5,-0.5215421115682939,-0.48310115227425854,-0.5248217493006337,4.4837035568648666e-14,True,True,6.686566608715866e-13,True
st_slope_J40_med_II,0.5155801333421827,0.7698496752775474,0.12812983347451795,1.5706612451231513e-05,True,False,7.587842353200577e-05,False
qrs_absarea_med_V1,0.5150193129957762,0.2747535602335238,0.7477844987437529,2.2007167154568983e-05,True,True,0.00010270011338798859,True
S_amp_med_V5,0.5138856306357031,0.4140916810761423,0.5248639985860251,1.8803543548554555e-12,True,True,2.3887464582052638e-11,True
qrs_area_iqr_V1,0.5084577710626403,0.7354100900234168,0.1513458913461892,0.005388928655079372,True,False,0.014018298052238198,False
qrs_higuchi_iqr_II,0.505915898045066,0.8082998995962204,0.18043612485882574,0.00011959783069194869,True,False,0.0004972370415434957,False
qrs_energy_med_V5,0.5055018904568449,0.5345697007477377,0.5324257827426991,2.2676655723531408e-07,True,True,1.5556185826342545e-06,True
qrs_fwhm_skew_V1,0.5031982405730567,0.6226261470580493,0.4561573932013324,3.7472164815259107e-06,True,True,2.05647240506142e-05,True
qrs_width50_skew_V1,0.5031982405730567,0.6226261470580493,0.4561573932013324,3.7472164815259107e-06,True,True,2.05647240506142e-05,True
delta_slopemean_med_V1,0.4957089307899546,0.5710216944554646,0.6409885255367833,3.522752923669779e-07,True,True,2.3015319101309223e-06,True
delta_t_to_max_std_V5,0.49293103792507303,0.5715950194505642,0.32652376547156964,1.6827806044061333e-07,True,True,1.1900902006418634e-06,True
qrs_npeaks_std_II,-0.4878937879044892,-0.4418549905130799,-0.5646670669784182,3.603660354927013e-06,True,True,2.026320494655681e-05,True
qrs_entropy_med_V1,-0.48730991200984075,-0.40837767732804425,-0.6600608052403982,0.023171988510493558,True,True,0.04952019974516692,True
qrs_entropy_med_II,0.48540791398969574,0.4782575933854179,0.457727120298307,2.313962299193528e-07,True,True,1.5562530757321179e-06,True
delta_accel_max_med_V5,-0.48435955884534104,-0.4533526048401259,-0.3925262673480357,8.025837544408516e-08,True,True,6.117471728293603e-07,True
qrs_area_med_II,-0.4814040076408545,-0.9498522519949473,0.05054359407917029,0.006414762508809854,True,False,0.016331485118210108,False
qrs_ninflect_skew_II,0.48075459343720556,0.6405141910536629,0.3213241499904103,0.0010860128437804465,True,True,0.0035646163197769675,True
qrs_absarea_iqr_V1,0.47758262470366,0.7353568044181253,0.1150388455848031,0.1952758057076902,True,False,0.29377018139358657,False
up_slope_std_V1,0.46767098269792934,0.8986117399869931,0.23492493762646952,3.1019760456720144e-08,True,True,2.595067765037807e-07,True
qrs_energy_med_II,0.4664036151819755,0.5328196667198098,0.47364973582968406,0.006082448498612038,True,True,0.01562756430729535,True
t_peak_time_med_V1,0.4644755939873816,0.2942106722808241,0.6443408643996776,5.955389968791472e-05,True,True,0.00026091431380858616,True
qrs_Rsharp_med_V5,-0.4631199735958683,-0.3732829985714449,-0.40735129872226195,1.9183042974348067e-07,True,True,1.3292492404447245e-06,True
qrs_ninflect_skew_V1,0.46212135148836303,0.38302737221805366,0.4951989252621775,0.004267074473926385,True,True,0.01143442612934961,True
qrs_area_std_V1,0.46141028173234583,0.5858740249425807,0.2966186998238486,0.00027475203925669546,True,True,0.001041325408453553,True
qrs_ninflect_std_II,-0.46126576625742377,-0.555213463130038,-0.4119791981627792,0.0005006055136327413,True,True,0.0017611045248823616,True
delta_slopemax20_med_II,-0.4610336428682648,-0.5967466786577879,-0.311253697618483,6.258028404744441e-08,True,True,4.934491362821479e-07,True
delta_ratio_init_peak_std_V1,0.45910984317216147,0.5549449873089669,0.22594749361614921,1.8566685533357686e-06,True,True,1.079385277617235e-05,True
t_width_med_V1,0.45909359589330734,0.17576573627448078,0.6598513240237638,1.2558876395594924e-05,True,False,6.198121731926704e-05,False
qrs_width25_iqr_V1,0.4585229045172434,0.7494303375308944,0.23562970352157034,1.0052323841436983e-21,True,True,2.873289231344071e-20,True
delta_ratio_init_peak_std_II,0.4583612786274689,0.2595391784702964,0.5518620882348108,7.463777822289157e-10,True,True,7.314502265843374e-09,True
up_slope_med_II,-0.45804692297774385,-0.6390860998552546,-0.215770551907392,3.923885193024594e-06,True,True,2.1195159389093476e-05,True
down_slope_med_II,0.45786672384242,0.7467832922868802,0.07331060939750896,0.00404305492173847,True,False,0.010992205403699738,False
qrs_higuchi_med_II,0.45024389200958664,0.8494723005538566,0.14148896675910969,0.01976033662748547,True,False,0.044011658852126725,False
t_peak_to_end_med_II,0.4480005644156508,0.6626775854597696,0.19861099478754934,3.654856983806864e-06,True,False,2.0383999112939095e-05,False
st_slope_J80_med_V5,-0.44456237266013315,-0.362914949352847,-0.4707357166845108,1.0726166575258494e-12,True,True,1.4716300541254653e-11,True
freq_hf_ratio_skew_V5,0.44177429954616004,0.32254639587991124,0.5954129149715138,7.763983582929025e-06,True,True,3.974696073051725e-05,True
qrs_area_med_V1,0.4380152446756846,0.6138543131373813,0.35417692292794556,0.0001997578097154171,True,True,0.0007967084736324192,True
qrs_ninflect_skew_V5,0.4362977257839821,0.33117184968787416,0.5745356797137814,0.004466353293244784,True,True,0.011921861319711758,True
T_amp_med_V1,0.4263801318146792,0.08571501101402476,0.8074224370644554,0.00872709509811082,True,False,0.021305292659444922,False
delta_empatement_area_med_II,-0.42448807612425576,-0.48085311642036704,-0.34007053445481694,1.4717220862911694e-07,True,True,1.067819897052883e-06,True
delta_ratio_init_peak_skew_II,-0.42420288783653853,-0.5633358830721995,-0.3202099343385763,1.5028506796804296e-06,True,True,8.887547985006679e-06,True
delta_accel_max_med_II,-0.419723755867403,-0.5788893060754219,-0.2703468332777806,4.1952666596326565e-08,True,True,3.426134438700003e-07,True
qrs_entropy_iqr_V1,0.419333525404674,0.5448796741820717,0.404378271588748,6.148907887117954e-06,True,True,3.190828112316941e-05,True
delta_empatement_area_iqr_V1,0.4170612870323641,0.9874962172381595,0.013236243481490422,0.002949364968600303,True,False,0.008758720209782718,False
delta_slopemax40_med_II,-0.41635514764794557,-0.5181752734097833,-0.29226373696063634,3.826917807111901e-07,True,True,2.476665675168645e-06,True
S_amp_med_II,-0.41430245947780914,-0.7039143774290715,-0.15364192817035321,0.003230844305293528,True,False,0.009366160333871342,False
delta_area_third_iqr_V5,0.4074739598393071,0.4260954159848199,0.43303360701459725,7.683668627419797e-12,True,True,9.24736259370172e-11,True
delta_slopemax60_med_II,-0.40074124154510554,-0.5063949318544854,-0.2723150377851388,1.1250073255894306e-06,True,True,6.890669869235262e-06,True
delta_slopemax20_med_V5,-0.39798248461213953,-0.35404090450682874,-0.3069205828077811,1.4989689940877907e-05,True,True,7.29285624073918e-05,True
qrs_entropy_std_II,-0.39316891461430065,-0.3953277795068713,-0.430284889935746,1.2072078350713873e-06,True,True,7.328713051849306e-06,True
up_slope_med_V1,0.3919651037690754,0.32385397717837794,0.6628792759603146,0.007346061026299449,True,True,0.018340313625011186,True
T_amp_med_II,0.3909296399423875,0.48218041803256567,0.29104213071045787,0.001466349013817108,True,True,0.004637201294180599,True
qrs_ninflect_iqr_V1,-0.3907259577307585,-0.3750698870210332,-0.47254211556173215,0.00022770606884460167,True,True,0.0008825218261434845,True
qrs_asym_std_II,0.3904679610498467,0.32677331982391783,0.42087815194719164,1.030814875942592e-08,True,True,8.839237561207727e-08,True
delta_slopemax40_med_V5,-0.39012228061219884,-0.338605171539666,-0.3038452939370117,1.6097686223654115e-05,True,True,7.722386538060645e-05,True
qrs_npeaks_skew_II,0.3860376455746847,0.5653755548429694,0.2018172512390988,0.0008322293358736857,True,True,0.0027985751196536687,True
delta_slopemax60_med_V5,-0.3858651065858386,-0.33783142429799856,-0.29617927567368385,1.838659113120503e-05,True,True,8.698759666211483e-05,True
delta_slow_phase_ms_iqr_II,0.38490750305254956,0.1440876569061975,0.6199381587129998,0.06938686143407857,True,False,0.12395673683275495,False
qrs_width25_std_V1,0.3844952039167298,0.4628813505138409,0.2535970047864263,3.815853324866124e-10,True,True,3.849522618909061e-09,True
delta_smoothness_skew_II,0.3838816101750098,0.4139735731623216,0.308769649398514,0.0001035834180033016,True,True,0.0004359400291427294,True
delta_slopemax60_iqr_V1,0.3837939319777131,0.8769689179955472,-0.009859262650495705,0.036942529632775244,True,False,0.07345674008140236,False
qrs_npeaks_std_V5,-0.37953123672655315,-0.47392180165135844,-0.30450527277834527,0.00012766536219211235,True,True,0.0005213002289511255,True
delta_area_third_skew_V5,-0.3791147371467388,-0.34326058437360835,-0.3603455312786371,0.00010607857628826789,True,True,0.0004437189227667791,True
delta_slopemax40_iqr_V1,0.3785969577143252,0.922794089525013,-0.037527138512197494,0.03892953048361368,True,False,0.07652050977581372,False
R_amp_med_V1,0.37354826470891556,-0.11241102042337936,1.0195478671286893,0.2010329372204408,True,False,0.29915096514798784,False
n_leads_morpho_failed,0.37091658167468344,0.1392565186443272,0.6314692699342671,1.0914411230967063e-09,True,False,1.0399008478393618e-08,False
qrs_entropy_iqr_II,-0.36979910307319497,-0.24733530502929796,-0.49485269723593794,6.165611243686746e-08,True,True,4.934491362821479e-07,True
delta_area_third_skew_II,-0.36098419203768,-0.43550401328538096,-0.24827906946073133,0.0002447340776721445,True,True,0.0009431886364218604,True
delta_concavity_med_II,-0.3597628444480141,-0.3452444596549604,-0.3634314944658527,0.0002045428948475823,True,True,0.0008110776061586211,True
delta_t_to_max_std_V1,0.35930589571115107,0.4137669039154054,0.21549181408441423,0.00012558201260253548,True,True,0.0005158638361996367,True
delta_ratio_init_peak_std_V5,0.35901975925201735,0.26123971820087055,0.3654543659024768,1.9506214009267525e-12,True,True,2.4329568746104587e-11,True
qrs_p2p_iqr_V1,0.3554246194743897,0.6648737608037127,0.2040877078965942,0.27500891344811895,True,True,0.3857998254098356,False
Q_amp_std_V1,0.35325977972161543,0.6776704540121312,0.32921167489359443,0.0039912372864831245,True,True,0.010951955114109695,True
qrs_width50_iqr_II,0.35295451807227685,0.4865700502676015,0.17795563729391237,0.07567388308654255,True,False,0.1321998622229741,False
qrs_fwhm_iqr_II,0.35295451807227685,0.4865700502676015,0.17795563729391237,0.07567388308654255,True,False,0.1321998622229741,False
t_symmetry_med_V5,0.35126123431643785,0.7793869503978085,0.10688168396375862,0.008511567671930285,True,False,0.020999357737640254,False
down_slope_skew_V1,0.3496315903659038,0.533121809335866,0.21413730818389906,0.003936740069760609,True,True,0.010859415562514147,True
qrs_Rsharp_med_II,-0.3462205797766779,-0.4860005539752931,-0.18984018217100604,1.2228733485293462e-05,True,False,6.123292825482712e-05,False
delta_vel_quarter_med_V1,0.34370080739341463,0.39997070394759265,0.27257430273972405,1.6183560107654555e-07,True,True,1.156450232692815e-06,True
qrs_ninflect_iqr_II,-0.34174867441824464,-0.34827670635646435,-0.3666526599815845,0.0006141770528110781,True,True,0.0021172133579316563,True
delta_accel_max_skew_II,0.340059676610444,0.3869554238190844,0.4142202047158671,0.00036185572363923833,True,True,0.0013203884383857314,True
qrs_absarea_std_V1,0.33886794138096454,0.5061603014007383,0.19333595889413888,0.02067512750943145,True,False,0.04545877394701915,False
delta_t_to_max_skew_V1,0.3388538698313332,0.5466579620059842,0.12418299943526463,9.097654342178829e-05,True,False,0.00039006192992091727,False
qrs_entropy_skew_V1,0.3381102769811911,0.3085946441437222,0.37949406536352615,0.0005703852702485312,True,True,0.001976183310052992,True
delta_t_to_max_iqr_V1,0.33723594899669085,0.36379367407251634,0.25437254724702435,4.550188316122246e-05,True,True,0.00020535718321446452,True
delta_slow_phase_ms_skew_II,0.33678121244353904,0.41766376424403234,0.2951278008546552,0.002412399144161755,True,True,0.007322592092455592,True
delta_slow_phase_ms_skew_V1,0.3363002353050641,0.5755681138992497,0.11137293718196242,0.000784740618703853,True,False,0.0026650102199546693,False
freq_hf_ratio_iqr_II,0.33519759237520563,0.2006099683895412,0.45357696908719697,0.058771269548659286,True,True,0.108088715577427,False
R_amp_med_II,-0.33262893895990314,-0.7066262204676435,0.10777098718281777,0.0008470244362592444,True,False,0.002823639959465231,False
qrs_kurt_skew_II,0.33105004631367146,0.4339581603458776,0.24273052956214036,0.0053947969180625135,True,True,0.014018298052238198,True
qrs_posneg_ratio_med_II,0.33028294845585543,0.1446933597915325,0.5491274888085256,0.14361603042691926,True,False,0.23084760301468132,False
up_down_ratio_iqr_V1,0.32795945348741495,0.32868123465635013,0.033947780724392355,0.00022753645754972415,False,False,0.0008825218261434845,False
qrs_energy_med_V1,0.3241754503342557,-0.11491374860858182,0.8056451131298924,0.022421488084338827,True,False,0.048216742400803876,False
qrs_skew_skew_V1,-0.3240201934554394,-0.3097891512324584,-0.3815616309834551,0.0030924864988229454,True,True,0.009104917331298458,True
delta_time_to_half_iqr_V1,0.320157663040821,0.4126173866694115,0.20891599374657024,0.0031366603847964025,True,True,0.009195508649445863,True
delta_slow_phase_ms_skew_V5,0.3182900436771059,0.26763662523935017,0.4058393306924886,0.0011279435345380579,True,True,0.0036846155461576556,True
delta_slopemax20_iqr_V1,0.317324669198265,0.8695101708210413,0.0005155524740317764,0.021482956594798663,True,False,0.047084051833967674,False
t_peak_to_end_std_V5,-0.31593979347747825,-0.33469537710187724,-0.412765385890147,0.0005346050383641101,True,True,0.0018711176342743855,True
qrs_Rsharp_skew_II,0.315731153772155,0.3572063582815372,0.3923670756385137,0.0121090570840053,True,True,0.028644183309060815,True
delta_slow_phase_ms_std_II,0.3146401408190173,0.09420239010112369,0.45954136056260453,0.030562851156781,True,False,0.06258713843369505,False
qrs_width75_std_II,0.31414222167894207,0.2080226654992071,0.3199835829454848,0.00039048160515412953,True,True,0.0014173036038927665,True
delta_area_third_iqr_II,0.3135685310511561,0.25327103447204535,0.36482930003180997,2.8668271635865836e-08,True,True,2.427954857062218e-07,True
R_amp_med_V5,0.31207828778578245,0.5098704051478754,0.32881981126213927,0.003223545314918736,True,True,0.009366160333871342,True
Q_amp_iqr_V1,0.3116785619019222,0.948371382468326,0.021318919319740823,0.4354547638393127,True,False,0.542145132475079,False
delta_time_to_half_iqr_V5,0.31138751693655764,0.37911683368431104,0.2407125278517241,0.0003279410375468534,True,True,0.0012215352823126545,True
qrs_kurt_skew_V5,0.30802289830105484,0.22291372229798978,0.45633002841492915,0.01776282413075965,True,True,0.040215502817495447,True
delta_time_to_half_std_V1,0.305221008116567,0.33668977423227064,0.24446491074555793,0.005142397698442038,True,True,0.013464445882180296,True
qrs_npeaks_iqr_V1,-0.3049355706817122,-0.23647746130200417,-0.40546199943134015,0.0018801969688595234,True,True,0.0058099780208902396,True
qrs_posneg_ratio_med_V1,0.30472468355299276,0.09190964387702776,0.5916657006079412,0.0004621692902838564,True,False,0.0016342687274985852,False
t_area_std_II,0.30195323517082456,0.33700177141992027,0.17507107976084263,0.0013219133479052867,True,False,0.004257429843488389,False
qrs_posneg_ratio_skew_V5,0.29904671759740764,0.37555401309350506,0.2864708862182331,0.0003294227802155118,True,True,0.0012215352823126545,False
st_slope_J40_iqr_V1,0.29895147085646423,0.45358085742851895,0.0697408889447591,0.770154625149045,False,False,0.8307013724091901,False
qrs_posneg_ratio_iqr_II,0.29799288109934147,0.4411395763788699,0.19460036798628388,0.517458865371827,True,False,0.6195057271292728,False
down_slope_iqr_V1,0.2975438692423322,0.3241807005698591,0.3081435261015581,0.19890307245549388,True,True,0.29727125861540044,False
qrs_ninflect_std_V5,-0.29672959504077057,-0.4115083950048745,-0.2078593166579533,0.015356664524223901,True,True,0.03547027563507608,False
delta_slopemean_std_V1,0.29347389157434295,0.7354629605698552,0.024612143557542234,1.2682878413211829e-06,True,False,7.631977711809925e-06,False
delta_slopemax60_med_V1,0.2932238017788828,0.38693491358326865,0.4527740774961829,0.006219074783489778,True,True,0.015918975005499957,False
qrs_width25_skew_II,-0.29296023757667566,-0.4094511802382902,-0.173635127108137,0.0021512590018856487,True,False,0.0066177743286706505,False
delta_vel_quarter_iqr_V5,0.28743563381606263,0.2739683256198291,0.33968746961279145,1.671627966008204e-05,True,True,7.963449893622415e-05,False
qrs_skew_skew_V5,0.28573758087064294,0.1585426344292564,0.47590850606061785,0.002476725275698533,True,False,0.007446238011986644,False
QT_ms_std,-0.2844960864333332,-0.3380766622178764,-0.31780363591465716,0.0014617295028568611,True,True,0.004637201294180599,False
qrs_npeaks_iqr_II,-0.2834598241425813,-0.2594967858801253,-0.33549108156721813,0.0035424594555828093,True,True,0.01008351529680418,False
delta_empatement_area_std_V1,0.2833474041399525,0.6857477631459448,0.0656527393302985,0.0009916919013910977,True,False,0.003286476542774362,False
delta_slopemax40_med_V1,0.28274174725161383,0.3747522714115756,0.44584866259157396,0.007352166540638594,True,True,0.018340313625011186,False
delta_empatement_area_skew_V5,0.2818997293300333,0.1914601297775804,0.4926245473711085,0.012154428367769402,True,False,0.028652707423676323,False
qrs_fwhm_skew_V5,-0.28162633135448545,-0.19215853794591448,-0.4369958310865104,0.0032714643797616605,True,False,0.009390060939399578,False
qrs_width50_skew_V5,-0.28162633135448545,-0.19215853794591448,-0.4369958310865104,0.0032714643797616605,True,False,0.009390060939399578,False
delta_ratio_init_peak_skew_V5,-0.27954995271271155,-0.1850500422570828,-0.4397744518212435,0.001179179099570376,True,False,0.003828928714716463,False
delta_slopemean_med_II,-0.2788418633390229,-0.41107713128312373,-0.14328909941975693,0.0001533960723387375,True,False,0.0006189982683786701,False
PR_ms,-0.27749828860732534,-0.25111108359721024,-0.37880571167593535,0.005902465930374942,True,True,0.015222148978335378,False
freq_hf_ratio_skew_V1,0.2746494490206427,0.2486327544572079,0.3160402061165682,0.003520749636810151,True,True,0.010063476045215682,False
QRS_ms_std,-0.2715948541033197,-0.41030912107075396,-0.1746811424559682,0.00031663948473681494,True,False,0.0011869655001609566,False
t_downslope_med_V1,-0.2715282667444364,-0.22060272171215956,-0.41179600645578246,0.016563556173395846,True,True,0.03775730003937794,False
qrs_arclen_skew_II,0.27070871584877976,0.3293561864602963,0.29330212432752095,0.030563690051440006,True,True,0.06258713843369505,False
delta_accel_max_skew_V5,0.27051891261134264,0.09385319942042177,0.6178880293308812,0.0018338952572805444,True,False,0.005692543649296169,False
R_amp_std_V1,0.26956542333512523,0.39228111366331375,0.30024621886879993,0.0037862267725329237,True,True,0.01054415296659801,False
t_area_iqr_II,0.2675785125720886,0.301086582231386,0.14213372545436145,0.001809892603467322,False,False,0.005643574208993559,False
qrs_kurt_std_V1,0.26752315776446706,0.3215921267833186,0.07929737999824221,0.03608211439880358,True,False,0.07205313913956364,False
qrs_higuchi_std_II,0.263221913848971,0.40884290546996005,0.05769894732994974,0.0024856975287827136,True,False,0.007446238011986644,False
st_slope_J80_std_V1,0.2618511808219212,0.3337818351188455,0.23046240872817,0.060884896902061704,True,True,0.11167657560110784,False
down_slope_med_V5,-0.2603847237137326,-0.38381646903877764,-0.2863779086774435,0.001183284092594592,True,True,0.003828928714716463,False
qrs_width75_iqr_II,0.25867427001990684,0.09270641203026977,0.40925416905306955,0.006954030145043565,True,False,0.017474229595237676,False
up_arclen_med_V1,0.2566391815816073,0.23482647654909802,0.4127467556452231,7.820312718874269e-05,True,True,0.00033954015981947774,False
freq_hf_ratio_skew_II,0.2549342626274148,0.22639792820546398,0.3412621828233666,0.019177105084479087,True,True,0.042957110017004516,False
delta_vel_quarter_std_II,0.2538806413660068,0.2852401519374841,0.20197371531402275,5.115561475072134e-07,True,True,3.279696422335967e-06,False
delta_smoothness_skew_V1,0.2536021846968449,0.37471959586638764,0.1844770229542285,0.004787530554874944,True,False,0.012631715233246965,False
down_slope_skew_II,-0.2508816814160694,-0.34671867630857356,-0.20546000836343217,0.009853342403073015,True,True,0.023717168029852943,False
delta_concavity_std_V5,0.24731542831975997,0.21725281227071977,0.21291394253108856,0.0014668697971387608,True,True,0.004637201294180599,False
st_slope_skew_V1,-0.24677863895282115,0.0699306521226394,-0.6420035786146305,0.01168543580534219,True,False,0.027737747274964506,False
delta_vel_half_skew_V1,-0.24647636291641944,-0.29422614028336846,-0.26893310659665887,0.026337953928054887,True,True,0.055253322307784875,False
delta_area_third_std_II,0.24614668309070664,0.2534070820711728,0.21801651384434514,2.3015102990723246e-07,True,True,1.5562530757321179e-06,False
st_slope_J80_std_II,0.24488823513801475,0.1604176065301266,0.3015102940981024,0.10676095327232006,True,False,0.17819468113092837,False
t_upslope_skew_V1,-0.24391017570166082,0.07231129907122405,-0.6229957073977561,0.01330150118375111,True,False,0.031036836095419258,False
delta_concavity_skew_V1,-0.2438902896475131,-0.1573552539815993,-0.37631790480798016,0.10139891989218731,True,False,0.170072516004989,False
S_amp_iqr_V1,0.2424836641629766,0.4273657416121177,0.11619558730993068,0.5857736252270811,False,False,0.6857349947197571,False
qrs_width75_skew_V1,0.241872722231922,0.3496472786325648,0.21364643077230505,0.021940034354517426,True,True,0.04762931508607264,False
t_symmetry_med_II,-0.2404037855403344,-0.40391593137861637,-0.05366070835460585,7.134066929407077e-07,True,False,4.489880654654362e-06,False
qrs_fwhm_std_II,0.2393307177060678,0.28229370748049687,0.08180942456895485,0.004070000251515647,True,False,0.010992205403699738,False
qrs_width50_std_II,0.2393307177060678,0.28229370748049687,0.08180942456895485,0.004070000251515647,True,False,0.010992205403699738,False
qrs_energy_iqr_V1,0.23844589675135636,0.25542452167439017,0.3177317999067997,0.19692008414162987,True,True,0.2949501696968517,False
t_peak_time_std_V1,0.2380256992011413,0.5500029119838173,-0.14617501869143273,0.6896805530502363,False,False,0.7674686718451588,False
t_peak_to_end_med_V5,-0.23712213327449008,-0.32109989040386583,-0.24077767174681344,0.003235830902518233,True,True,0.009366160333871342,False
qrs_area_iqr_II,0.23647983784323395,0.2785439174451908,0.20117793301732512,9.940226965512587e-05,True,True,0.0004209256603914589,False
qrs_area_skew_V1,-0.23580206424455225,-0.3712542542928292,-0.23694751911950193,0.07105779057115537,True,True,0.12595773729150536,False
qrs_higuchi_skew_II,-0.23418598386628472,-0.2513487853270301,-0.23793089841524404,0.036131603300305966,True,True,0.07205313913956364,False
t_peak_to_end_std_V1,-0.23204020904249525,-0.34912360947522675,-0.4321694308087846,0.02944920758450301,True,True,0.06066713634525245,False
delta_empatement_area_skew_II,0.2311238169386518,0.3389152919765487,0.20561905904669528,0.02822926127786776,True,True,0.05886101287725618,False
QRS_ms,0.23095359466148677,-0.05529242265771102,0.5228844461154809,0.05577959337504162,True,False,0.10339313862916799,False
st_level_J_std_II,0.23049662675795454,0.2829849095492977,0.18978142667451214,0.27446616455198747,False,False,0.3857998254098356,False
delta_smoothness_med_V5,-0.22996204488992264,-0.38569351301129856,-0.10993829368326452,8.771779020173512e-30,False,False,8.596343439770043e-28,False
delta_vel_quarter_iqr_II,0.22909670647102054,0.2201611921542459,0.23161974302321303,1.4771055924114928e-07,True,True,1.067819897052883e-06,False
t_upslope_med_V5,-0.22624530175784205,-0.17077234957565648,-0.19039752625858183,0.012992626186932402,True,False,0.030523772480259,False
st_slope_med_V5,-0.2260745965342474,-0.1726649556861021,-0.18784701153573752,0.013265690640996582,True,False,0.031036836095419258,False
QT_ms,0.225338022852793,0.12573673798476098,0.28626204323960197,0.019224246028018057,True,False,0.042957110017004516,False
qrs_entropy_std_V1,0.22527414506717572,0.35526150468806444,0.09314217648461912,9.807244275557623e-05,True,False,0.00041787388652375954,False
t_peak_to_end_std_II,0.2250337640069001,0.21704285425405223,0.02869712767389685,0.02253005377364978,True,False,0.04829880277726172,False
delta_slow_phase_ms_std_V1,0.22266710621542057,0.26289191071910084,0.06081307530735467,0.021591142455069764,True,False,0.04717045772031165,False
qrs_width75_med_V1,-0.22023182996719332,-0.5110134185979344,-0.17547994973674638,0.10232893978410416,True,False,0.17121378705340357,False
t_peak_to_end_iqr_V5,-0.21998796707885204,-0.21623604513149888,-0.33244711076567984,0.008370814681274005,True,True,0.02073060964387714,False
st_level_J_iqr_II,0.2197838342732584,0.20084221600516952,0.24433840411918403,0.6913930600587582,False,True,0.7674686718451588,False
delta_slopemax60_std_V1,0.21913309973962478,0.5856522937640775,0.04276131118822855,0.014192117835352064,True,False,0.03300268757644582,False
delta_slopemax40_std_V1,0.2156202619660147,0.5752298466392581,0.04173192946846922,0.020253168656056177,True,False,0.04481830225178883,False
qrs_kurt_skew_V1,0.21375471228430315,0.1667132355563563,0.2697492877620566,0.010102971535388262,True,False,0.024233001654812403,False
delta_slopemax40_skew_V5,0.21212076659825685,0.11452484731285467,0.4336211652405432,0.01622782868741423,False,False,0.03735667946163141,False
t_peak_to_end_iqr_V1,-0.21207848598177187,-0.3586265626532133,-0.30682058170469867,0.030925032727259764,True,True,0.06313860848482201,False
qrs_higuchi_iqr_V5,0.21199243457836425,0.39535412192345226,0.08026726141660123,0.39737903499020943,False,False,0.5048185518579327,False
qrs_nzero_iqr_V1,0.21163964391077855,0.5773435575327667,0.058131894606488925,0.014724347543724734,False,False,0.03412467032092962,False
qrs_kurt_med_V1,-0.21098286388747825,-0.2175688805215606,-0.1946096752205049,0.03406689358927984,True,False,0.06893772567034209,False
qrs_skew_iqr_V1,0.21087879070621765,0.49160721815680936,0.026582945991293183,0.0006517239233758701,True,False,0.0022354130571792343,False
delta_area_third_std_V5,0.2097396042894082,0.21420560415775175,0.2814306352837842,8.771449656551441e-12,True,True,1.0374507697231532e-10,False
Q_amp_skew_II,-0.20736337381597209,-0.195144975153922,-0.25726583202892245,0.02532909742110723,True,False,0.05329987984932381,False
delta_slow_phase_ms_iqr_V1,0.20635518267626762,0.3535555630629593,-0.05371409289541281,0.1353851637260183,False,False,0.22060385348230063,False
qrs_moment3_skew_V1,-0.20488654967947384,-0.3876407073673106,-0.1465587907937876,0.042758998597447036,True,False,0.08286065829900753,False
Q_amp_skew_V5,-0.2041939122361185,-0.21228611496824096,-0.2143059742961834,0.09283375083934838,False,True,0.15763354721730938,False
qrs_Rsharp_skew_V5,0.20403775884771166,0.07683286581000921,0.47168006989271716,0.020450310309642488,False,False,0.0451090446058352,False
t_area_std_V1,0.20352005755431088,0.06504201105003858,0.3111458427808533,0.21004574591338043,False,False,0.30920897359780897,False
delta_concavity_iqr_V5,0.2029493799699507,0.22381086717791537,0.16967365591702577,0.003941682908259508,True,False,0.010859415562514147,False
qrs_asym_skew_V1,0.20278917766560683,0.3834681108849513,-0.10679354396061226,0.0812102578445767,False,False,0.14032805259793354,False
delta_slopemax20_skew_II,0.20277559470210946,0.3421299718767418,0.15574998337642296,0.15765439512350388,True,False,0.2486227932292498,False
t_width_skew_V5,-0.20106521020364512,-0.4879901312430084,0.05654839597195201,0.01022459847849618,True,False,0.024354425542529094,False
up_arclen_skew_II,0.20090501398072988,0.29587254284659287,0.1989051577639905,0.09753083210384922,True,False,0.1652003724030631,False
delta_slopemax60_skew_II,0.2007260897520981,0.27262610966048406,0.24328583681994287,0.06509283669663112,True,True,0.11875980312204508,False
delta_time_to_half_std_V5,0.19921792133919267,0.1915654909069149,0.16775944090914463,0.0008295599411278513,False,False,0.0027985751196536687,False
T_amp_med_V5,-0.19897487052246207,-0.24078519995482453,-0.1006462856570867,0.06925030678702797,True,False,0.12395673683275495,False
t_symmetry_skew_V5,-0.19812523085642547,-0.2152363652451766,-0.17325418353430463,0.020157454641290387,True,False,0.044750853993285454,False
t_peak_to_end_iqr_II,0.19775736134183158,0.21401015729715814,-0.0018856938260841975,0.04717229535889221,True,False,0.09039160507318453,False
st_t_area_ratio_V1,-0.19668683025820724,-0.12541314213563934,-0.257361951395188,3.796496448046317e-05,True,False,0.00017597274076755227,False
qrs_moment3_skew_V5,0.19480412291800472,0.1096719011109211,0.34490820109543574,0.02860584162658714,False,False,0.05928582282730748,False
qrs_nzero_std_V5,-0.18946025797755525,-0.05750008023549352,-0.3053426077154854,0.0722084029617289,True,False,0.1276674341024382,False
P_ms,0.18746097725513944,-0.06588542087051878,0.2714870543063869,0.024688452801366802,True,False,0.052434299138506585,False
st_slope_iqr_V1,-0.1871763131007925,-0.22048618095710615,-0.16442887592366864,0.008592520544925583,True,False,0.021051675335067677,False
R_amp_skew_II,0.18588028094938258,0.2654759559687934,0.20501512904187388,0.14897168818879228,True,True,0.23787767613184124,False
t_upslope_iqr_V1,-0.18537840547106954,-0.2355433581074228,-0.14394296051238342,0.008540555114871182,True,False,0.020999357737640254,False
qrs_p2p_skew_II,0.18479973764677576,0.25357858501244007,0.24669493563416986,0.026434748481771166,True,True,0.05528730932467994,False
t_peak_to_end_med_V1,0.18474312278479632,-0.19519790929919653,0.42496597145721504,0.0037954041799172656,True,False,0.01054415296659801,False
t_area_skew_II,-0.1839617032776456,-0.2856035155672281,-0.008750127108658285,0.03757184419256802,False,False,0.07427747872075406,False
delta_slopemax60_skew_V5,0.18071813849044163,0.11236544737167534,0.3654670319521385,0.051115005370767894,False,False,0.0968643471943281,False
up_slope_iqr_II,0.18064097454716388,0.05835319543157517,0.29704722496404223,0.0221870157295048,False,False,0.047862555944780796,False
t_symmetry_std_V5,-0.18000079629520388,-0.06307643155154596,-0.2535372945146278,0.3163230061734511,True,False,0.4246528028081946,False
up_arclen_skew_V5,0.1799828866041552,0.06836343247420981,0.40174702548177993,0.052475607829301,False,False,0.0983441777147416,False
qrs_nzero_std_V1,0.17973815979902258,0.5875178021086663,-0.035966184085764956,0.022023871728911477,False,False,0.04766049213259708,False
delta_slopemax40_skew_II,0.1780946129403646,0.2315766106314871,0.24923458244376093,0.17530454308943155,False,True,0.26903560751532446,False
delta_concavity_med_V1,-0.17783894091800057,-0.31405670847949746,0.020681312728508552,0.4021525501219776,False,False,0.5089975080879643,False
t_area_med_V5,-0.17660209137670158,-0.2222996342512731,-0.10979220392934268,0.023249956135497258,True,False,0.049532515245189805,False
t_width_iqr_V1,-0.17581193572835677,-0.07955793586832975,-0.44013106098705995,0.018302160636674062,False,False,0.0413002703840737,False
qrs_width25_std_V5,-0.1732603853020189,-0.1864656852094819,-0.18011765902155935,0.029222922000129402,True,False,0.06038230268701437,False
qrs_posneg_ratio_iqr_V1,0.17317577324724678,-0.0010698034771455726,0.4301682248751303,0.0022065856843623936,True,False,0.006757668658359831,False
qrs_absarea_iqr_V5,0.17304037771306557,0.1861785390401897,0.15696419300770464,7.99871091061322e-08,True,False,6.117471728293603e-07,False
t_symmetry_iqr_II,-0.17295748438838934,-0.23507217843395523,-0.11246123060618778,0.09057167897182009,True,False,0.15417412351034387,False
st_slope_J80_iqr_V1,0.17144940047388907,0.274320086675356,0.0948691730903944,0.2600493315901312,False,False,0.3724297316718789,False
st_slope_J80_iqr_II,0.17086526292457743,0.11785901704924455,0.20185589262664522,0.5427685607233205,False,False,0.6441855236266398,False
t_peak_time_std_II,-0.17026493460138253,-0.28010851280797516,-0.1284574438309289,0.1641041118172908,False,False,0.25527306282689677,False
delta_slopemax20_skew_V1,0.16882033625081655,0.35408754137822857,-0.007139654725944531,0.025007786315622338,False,False,0.05278566588466746,False
qrs_area_std_II,0.16867031520493664,0.21844456428049588,0.08555582260074016,0.004544244319088625,False,False,0.012082758150755026,False
qrs_absarea_iqr_II,0.16753478648030554,0.25644605631925815,0.06529973045000936,1.6701278489888548e-06,True,False,9.792373541934652e-06,False
qrs_asym_skew_V5,-0.16735704124809775,-0.12321629390555988,-0.073551594181449,0.3042215036902708,False,False,0.41407926891175745,False
qrs_p2p_med_V1,0.16692438188605072,-0.23105451282461273,0.5790454962175844,0.20575902381827282,False,False,0.30377661337038614,False
delta_vel_quarter_std_V5,0.1662819921030185,0.12175614774988813,0.2494663892116406,3.1562010356851904e-06,True,False,1.7893833970909424e-05,False
down_slope_std_V1,0.16450650906295822,0.17929054340452044,0.07667885818284699,0.6156243583518526,False,False,0.7085877681700854,False
t_downslope_med_II,-0.1637031972505873,-0.07491828061335394,-0.29052720925897396,0.05591669742189698,False,False,0.10339313862916799,False
qrs_entropy_iqr_V5,-0.16249585456681667,-0.3438985749170748,-0.012692342558224039,0.36721090012890634,True,False,0.4744005225770805,False
delta_slopemax20_med_V1,0.16130703576514227,0.14026970423014246,0.40682492551772265,0.27116609435746397,False,False,0.38275707968975364,False
t_peak_to_end_skew_II,-0.15927388831215306,-0.34652367233958503,-0.025019646771824226,0.028367763050794664,False,False,0.058970561978318604,False
freq_hf_ratio_std_II,0.15907395760985002,-0.043201539128823234,0.29215572675223866,0.3502591649541038,False,False,0.4585453953406779,False
delta_vel_half_skew_II,0.15890671611365437,0.2062448502908052,0.13331634181116636,0.308096832281302,False,False,0.4176964959386822,False
qrs_kurt_iqr_V1,0.1588857581261329,0.15135452728820262,0.1647927101141789,0.01869473856181283,False,False,0.04204783820788066,False
t_peak_time_iqr_II,-0.15871284057378413,-0.2800827938633736,-0.0704669929455185,0.10089736755027442,False,False,0.16964606406737318,False
st_level_J_iqr_V1,0.1579572539950797,0.3210596562310947,0.07340750184799943,0.5344148050354702,False,False,0.6353701148255331,False
qrs_kurt_iqr_V5,0.15790514555268068,0.1274043143989553,0.19830928056927233,0.2638200832191613,False,False,0.37604569691479833,False
st_slope_J80_med_V1,-0.1578584756081662,-0.4816202158226123,0.14444298244578915,0.006427843996963163,False,False,0.016331485118210108,False
qrs_higuchi_std_V1,0.15758107528556758,0.2440054330020814,0.0336965182246817,0.04745290770212872,False,False,0.09067602975949944,False
T_amp_skew_V1,-0.15753933692801253,0.01577728665740993,-0.26326033463022314,0.06924571442735973,False,False,0.12395673683275495,False
t_width_std_V5,-0.15747949935380176,-0.11488440464989702,-0.24872507646145403,0.17132408345330474,False,False,0.26444431185183126,False
qrs_moment3_skew_II,0.15746272375183717,0.18292032040190617,0.20623403695587134,0.24419080789293812,False,False,0.352662935188538,False
freq_hf_ratio_iqr_V1,0.1565244715768325,0.5651508730429019,-0.10117364001427852,0.639194496675541,False,False,0.7284002283207578,False
up_arclen_iqr_V1,0.15652051186813443,1.002258508933863,-0.01064612899779975,7.88399138406974e-06,True,False,4.006235621830994e-05,False
st_level_J_std_V1,0.156342568602639,0.19732432315380455,0.23182830249489841,0.24398177331998383,False,False,0.352662935188538,False
freq_hf_ratio_iqr_V5,0.1559826041151878,0.09173894142045216,0.2332744180230731,0.016533308012913344,False,False,0.03775730003937794,False
st_slope_J40_skew_V5,0.15580816284839163,0.277669053429405,0.06006773204552034,0.0985655607692984,False,False,0.1665418095757111,False
delta_time_to_half_skew_V1,0.15558504597849476,0.2851746907463914,0.049671686604373086,0.051640519801703005,False,False,0.09705588105196784,False
down_slope_iqr_II,0.1549171701252164,0.3082788576835228,-0.017978216056370486,0.00034078987558461586,True,False,0.001256891691672293,False
delta_concavity_skew_II,0.1540616400728232,0.18091881476874355,0.16218095785014866,0.04332398324733846,False,False,0.08371902114837797,False
up_arclen_med_V5,-0.15383836194193648,-0.1230235749654336,-0.06016380482518273,0.0047266267927484566,False,False,0.012519173667279697,False
up_arclen_med_II,-0.15295341931978448,-0.29809879734770073,-0.10031413731649376,6.186299401430803e-06,True,False,3.190828112316941e-05,False
HR,-0.1515381829462478,-0.22455554313480866,-0.07274196427226963,0.34651485317827335,True,False,0.45577000031661397,False
delta_smoothness_skew_V5,0.1514865541704093,0.04134971561877983,0.31983279698536937,0.2848239506496585,False,False,0.39472571746599133,False
n_beats,-0.15114544081123857,-0.232286904305694,-0.07362802439583514,0.29144855722502094,True,False,0.39906928194883107,False
delta_slopemax20_skew_V5,0.1511257581069982,0.11380438566778966,0.29654686018597043,0.07039060803363288,False,False,0.1250983344846429,False
P_amp_glob,0.14873206189592145,0.21796052736494625,-0.05623136865810887,0.06734735187374409,False,False,0.12157969311944326,False
t_width_iqr_V5,-0.14848021624589022,-0.14569862699899214,-0.19378070028065755,0.1719273514371964,False,False,0.26444431185183126,False
qrs_asym_iqr_II,0.14812528944976858,0.024119002905171546,0.2723413837584174,2.103319821432058e-10,False,False,2.2198113807729105e-09,False
t_symmetry_std_V1,-0.1475913520061176,0.12362227841041194,-0.3405569972876881,0.04006700791003415,False,False,0.07841147424553882,False
qrs_entropy_med_V5,-0.1456202272411385,-0.016268042124088437,-0.2076399076097761,0.03749820249151,False,False,0.07427747872075406,False
qrs_skew_std_V1,0.14454989686734943,0.3222224705768526,-0.09744403514198004,0.005087424525167421,False,False,0.013371544920554984,False
qrs_nzero_skew_II,-0.14444620258026566,-0.043369981274832006,-0.14643006646036516,0.17570133104798769,False,False,0.2690426631672312,False
S_amp_skew_V1,-0.14433138622079678,-0.30042938690581056,-0.16419901959694014,0.06994710455476229,False,False,0.12463302266121282,False
t_peak_to_end_skew_V5,-0.14296718481155607,-0.2707273181498147,-0.06620296823906481,0.14175302883627186,False,False,0.22880606536866469,False
delta_vel_half_iqr_V5,0.14272366182622437,0.1916358601408367,0.17769012624709615,0.002816165188228025,False,False,0.00839951877880185,False
delta_vel_half_skew_V5,-0.14139758881188108,-0.08213936815759955,-0.15862481109301743,0.33284568676394355,False,False,0.4420674293775021,False
qrs_nzero_iqr_II,0.1413090392808645,0.14634666566960636,0.13887166978514787,0.05076496215572109,False,False,0.0964674904122567,False
t_downslope_iqr_V1,-0.14105638793015185,-0.08461355666236212,-0.16840647039235923,0.049207788891517966,True,False,0.09376817549883702,False
qrs_absarea_skew_V5,-0.14099109459712142,-0.168499702631014,0.01119281901645016,0.17141122160768685,False,False,0.26444431185183126,False
t_downslope_std_V5,-0.14093277198758605,-0.12924696148578058,-0.1408890185604369,0.11694216305103637,True,False,0.193773729113553,False
qrs_arclen_skew_V5,0.14079116796105745,-0.017339348633254044,0.39792324961322156,0.2810428464501654,False,False,0.39186055419677535,False
qrs_nzero_std_II,0.14068695315171026,0.21464754558643456,0.04993293467819131,0.03599042811934739,False,False,0.07205313913956364,False
T_amp_skew_V5,-0.13940375385919992,-0.12131912864901208,-0.08658648656915907,0.20281182177884627,False,False,0.30114482627768085,False
st_slope_J40_iqr_V5,0.13823363588856757,0.18551596747549842,0.14150036708042768,0.8624051537287124,False,False,0.8977389005430906,False
t_width_med_II,0.13804102235809013,0.17052567530632065,0.06493857236241674,0.2543363822848611,False,False,0.3650099544924994,False
S_amp_std_V5,-0.13730010732899053,-0.16926637529569777,-0.08755613011214679,0.00022019988106485817,True,False,0.000863183533774244,False
t_peak_time_skew_II,-0.1367686368745206,-0.03392317520573317,-0.1818492559142352,0.16327622886907467,False,False,0.254562484100421,False
delta_smoothness_med_V1,-0.13661077842805883,-0.10800878683425699,-0.14382205160555941,3.2324120338669884e-10,True,False,3.3096039630339613e-09,False
down_slope_skew_V5,-0.1350967528687362,-0.02198785126678937,-0.33895890502500203,0.1998780000796999,False,False,0.29807893055363943,False
T_amp_std_V5,-0.13495605153261425,-0.07179320737442674,-0.12258123150582585,0.009057998072492506,True,False,0.021879530555386828,False
st_slope_J80_skew_V5,0.13396415667512904,0.18899421705217448,0.10511656411678565,0.12514190388559002,False,False,0.20586893540890827,False
st_level_J_skew_V5,0.13343236264267297,0.3040471920004872,-0.07135979663798392,0.31526338611966376,False,False,0.42406016250605755,False
qrs_width25_iqr_V5,-0.13322890353286307,-0.10065794363922488,-0.14717522078757453,0.0008479152064866436,True,False,0.002823639959465231,False
delta_empatement_area_med_V1,0.1321894803800869,0.28843567632673994,0.18864798120751425,0.3565862704474624,False,False,0.4632920104677257,False
qrs_p2p_std_V1,0.13185688678703736,0.15239247508566883,0.09901164839453395,0.2862655623811743,False,False,0.3954783379359147,False
up_down_ratio_skew_V1,-0.13152803475131306,-0.10688087111036577,-0.2891516977335043,0.5060018890239026,False,False,0.6100479716527192,False
qrs_kurt_iqr_II,0.1294366636600434,0.055434553179084745,0.20217232842513844,0.34747479615975085,False,False,0.45577000031661397,False
qrs_npeaks_skew_V1,0.12931267326630375,0.19807158338936004,0.04894231675535719,0.38373535937513736,False,False,0.4892982463407885,False
st_level_J_med_V1,0.12899130155018185,0.43376921835871285,-0.20258947449395537,0.004193063974643529,False,False,0.011280164261197887,False
qrs_skew_skew_II,0.12811356711430077,0.053018708331929086,0.2889856270554959,0.28094232391647467,False,False,0.39186055419677535,False
qrs_width50_iqr_V1,0.12681179312189997,0.35406237368953036,0.005044299868277873,1.4667935709133338e-09,False,False,1.341627186195396e-08,False
qrs_fwhm_iqr_V1,0.12681179312189997,0.35406237368953036,0.005044299868277873,1.4667935709133338e-09,False,False,1.341627186195396e-08,False
t_symmetry_iqr_V1,-0.1265820747989774,0.1945145310445215,-0.3156244701845586,0.004018690994853209,False,False,0.010983354671192434,False
qrs_arclen_std_II,-0.12614010007309207,-0.21437618585574694,-0.14487716233429165,0.13261932135407667,True,False,0.21661155821165856,False
st_level_J_skew_II,0.12553946131804847,0.191413172675926,0.003566216919019819,0.43035482275138404,False,False,0.5384855197884576,False
st_slope_J40_std_II,0.125367145295526,0.10301329495926696,0.10524032154078183,0.13243685782801815,False,False,0.21661155821165856,False
qrs_entropy_skew_II,-0.12444889042404408,-0.035287290163169026,-0.28473318719159857,0.4497111497292474,False,False,0.557869527512231,False
delta_concavity_skew_V5,-0.12323517970305373,-0.06728738582494062,-0.12987706708507155,0.12899011322294546,False,False,0.2116919083036856,False
delta_accel_max_std_II,-0.12320259190712693,-0.33964377498561116,-0.0254221318202366,0.08955206696534415,True,False,0.15281770631399524,False
delta_vel_quarter_skew_V5,-0.12190099701727357,-0.18780977779249286,-0.06860841751865689,0.4944482370948782,False,False,0.5971681173364198,False
up_down_ratio_std_V1,0.12154046713725564,0.12774158106285743,-0.03223371778313784,0.00020718237505470359,False,False,0.0008168224671696934,False
delta_accel_max_std_V5,-0.12142584804381018,-0.13140735114648908,-0.09676837416919373,0.03273567857389121,True,False,0.0664398683481934,False
qrs_skew_iqr_II,0.12072914073104757,0.0908334154657784,0.1346905396219214,0.006599197825606905,False,False,0.01670498047367652,False
up_down_ratio_skew_V5,0.12008741191687154,0.2165040238230148,-0.011654454560336897,0.3470978277829029,False,False,0.45577000031661397,False
qrs_Rsharp_med_V1,-0.1199811445440502,-0.44459023513070656,0.24051639098365454,0.18250861812802865,False,False,0.2769931682208576,False
Q_amp_med_V1,-0.11966743391196707,-0.6933389191298831,0.37582065756219785,0.984251507370697,False,False,0.9900242434843081,False
qrs_absarea_std_V5,0.11954121190999922,0.07057384831925531,0.17934683346022132,5.971362575502628e-05,False,False,0.00026091431380858616,False
delta_slopemax20_std_V1,0.11884990807684041,0.4572925875169316,-0.022947510701893735,0.016622018384682417,True,False,0.03775730003937794,False
delta_time_to_half_skew_II,0.11826483533010367,0.2722817220214598,0.010907178348827734,0.2059127189755533,False,False,0.30377661337038614,False
qrs_arclen_skew_V1,0.11819726755662373,0.2834058619937307,0.09182925579371096,0.07718443596004203,False,False,0.1340468938445287,False
st_slope_skew_V5,-0.11804505418049417,-0.12551577664343447,-0.046937889507553315,0.4353087326082362,False,False,0.542145132475079,False
st_slope_std_II,0.11777606437796097,0.03381873063649789,0.21009418984278677,0.9705098184699713,False,False,0.9819612617557526,False
S_amp_iqr_V5,-0.11761450386885326,-0.10749098805666815,-0.04209921704157075,0.00040405809762287067,False,False,0.0014404896762731027,False
t_width_skew_V1,0.11677966727107778,0.06520630330293273,0.22156965770191073,0.5322209982349337,False,False,0.6338604249811884,False
delta_accel_max_iqr_V1,0.11582962773489758,0.5186380317126179,-0.05539097723599939,0.6029925314701652,False,False,0.6963853141221099,False
qrs_energy_skew_V5,-0.11577876044209857,-0.14119666672620082,0.03999189400758221,0.15953119537310512,False,False,0.25100550464667454,False
qrs_width75_skew_II,-0.11536766447286173,-0.15876529693740718,-0.14334027277149788,0.28461651600285953,False,False,0.39472571746599133,False
qrs_npeaks_iqr_V5,-0.11468711378675991,-0.1335692336357778,-0.12125084402881274,0.1945940918082001,False,False,0.293388015341594,False
qrs_nzero_med_II,0.11426214731543761,0.2053023946803256,0.06188644542520394,0.5091777152451162,False,False,0.612479846112857,False
qrs_asym_med_II,0.11368043686411552,0.1823564346995886,0.010974282074556998,1.751385278611941e-10,True,False,1.8772660955121743e-09,False
t_symmetry_med_V1,0.11338380919179292,0.4586320014169021,-0.0006831032026179744,0.3637137416845708,False,False,0.47165902985938674,False
qrs_width25_skew_V5,-0.11328116999229672,-0.07312754193023598,-0.17915716030653964,0.1553706955828122,False,False,0.24558593817928376,False
qrs_arclen_med_II,-0.11308826297625642,-0.27445443251248897,0.01795221911455695,0.0024350203813362724,False,False,0.007358695954170409,False
up_slope_skew_V5,0.11276945359091574,0.0399508417544139,0.29457755840495997,0.07980782181535309,False,False,0.13825294385184903,False
qrs_p2p_skew_V5,0.1121149928464275,-0.035679585224298135,0.4183472512676226,0.07637501111930468,False,False,0.13297781123818025,False
qrs_p2p_std_II,-0.11174985054503245,-0.2712012007448304,-0.02892009739020732,0.8490527825402405,False,False,0.8878814158881174,False
t_width_std_II,-0.11073961303154742,-0.21515880733056905,-0.10310271671145466,0.4921771652829845,False,False,0.5954736073794133,False
st_slope_med_V1,-0.11019613638386738,-0.43151381773056346,0.13172442185991468,0.058199748176794144,False,False,0.1073253420679591,False
qrs_arclen_med_V5,-0.10952129005272017,0.009189708789943091,-0.044829128103761474,0.035207103876805854,False,False,0.07103550958673181,False
qrs_arclen_std_V5,-0.1093773839147123,-0.02771622618620854,-0.12426787038992801,0.2649914211428299,True,False,0.3763646271303961,False
down_slope_std_II,0.10897026202916182,0.13369132321787328,0.0004190275882723462,0.0016244971394739811,False,False,0.005111949714124546,False
delta_vel_quarter_skew_V1,-0.10670592722014828,-0.1558004441091771,-0.10116879364830597,0.8271344379983695,False,False,0.8737000075068324,False
qrs_higuchi_iqr_V1,0.10645314392706437,0.21067382619366276,-0.002593782054109779,0.08573958357459749,False,False,0.1470433858304347,False
qrs_asym_skew_II,-0.10580015671056188,-0.03492093941283982,-0.06761247370930899,0.22995123766270165,False,False,0.3349183631350602,False
t_upslope_std_V5,-0.105389655536047,-0.053078416777590696,-0.09558140812124644,0.15064990580173224,True,False,0.23867398471128942,False
st_level_J_skew_V1,-0.10502150606254522,-0.19490491322737227,-0.026891306989728074,0.7109153985165343,False,False,0.780300741411748,False
delta_vel_half_std_II,0.10414316127580531,0.2594589561967166,0.02950554023244054,8.064059354889296e-05,False,False,0.00034792105141220485,False
delta_concavity_iqr_V1,-0.1036687531940284,0.037734863207426264,-0.3225572704180307,0.05261270148879033,False,False,0.0983441777147416,False
st_slope_std_V5,-0.10308081056989965,-0.03994693165013142,-0.10507736872747823,0.16287847767130836,True,False,0.25452081021074613,False
up_slope_skew_II,0.10229950924670922,0.3078979119846859,-0.033456633394789735,0.6301123020655914,False,False,0.7228378582224009,False
delta_concavity_std_II,0.10226598170454894,-0.00500613267909404,0.16887896968536428,0.27944349109413924,False,False,0.3912208875317949,False
qrs_nzero_skew_V1,-0.10135284090609213,-0.10605770404372607,-0.0001374387987857566,0.3089795989285967,False,False,0.4180670707396792,False
delta_vel_half_std_V5,0.09996343547304887,0.09345832648277243,0.15149167843583777,0.00013240790649858908,False,False,0.0005374664133611368,False
delta_accel_max_iqr_V5,-0.0998347078494964,-0.022955874902184398,-0.08046056222997085,0.0036422124620031113,False,False,0.010324618797248488,False
t_upslope_med_V1,-0.09976471064946903,-0.41031497155394553,0.12770550810681258,0.08389515236125802,False,False,0.14460320231111307,False
delta_vel_quarter_med_II,0.09970803965560877,-0.30859993356497967,0.5046123821258411,0.4619785280660116,False,False,0.5667485009471054,False
t_peak_time_skew_V1,0.09928044116279111,-0.008494134781727562,0.24821252303107577,0.7814977963972342,False,False,0.83864477561789,False
qrs_higuchi_skew_V5,-0.09898692816459713,-0.03891828144021523,-0.17126631290663624,0.2246222117416089,False,False,0.3285518918011593,False
delta_empatement_area_std_V5,-0.0989868749288997,-0.13537134981880836,-0.06222176709904496,0.010184781898950982,False,False,0.024344112831638932,False
RR_std,-0.09721606432454932,-0.02013336211731031,-0.16094166261354584,0.5956559421130678,False,False,0.6894680441726354,False
delta_empatement_area_skew_V1,0.09684282847289448,0.11598142888264702,0.12510745742727122,0.20373428205153754,False,False,0.30186116087981585,False
Q_amp_iqr_V5,-0.09612297200996743,-0.0434074563803277,-0.047020055959207614,0.040120156647498725,False,False,0.07841147424553882,False
qrs_Rsharp_std_II,-0.09565545996057184,-0.23383896239114174,-0.044841409545671465,0.7282627348695525,True,False,0.7948433130156344,False
t_area_std_V5,-0.0956363806350321,-0.16468096605101315,-0.008283800722536048,1.0859029845617223e-05,False,False,5.477422407421629e-05,False
qrs_width75_std_V5,0.09558165284317265,0.043207033681052956,0.08144935233696411,0.0013318401225089235,False,False,0.0042693566543977645,False
t_upslope_std_II,0.09408193310882541,-0.007948948538636712,0.20979306542722087,0.983277149052045,False,False,0.9900242434843081,False
delta_slopemean_med_V5,-0.0940112133438327,0.00015142353810906374,-0.021954187405937974,0.26876699832652473,False,False,0.38015290897318754,False
qrs_nzero_med_V1,0.09400545967677486,0.38669254728177405,-0.039281640349965875,0.883960529708486,False,False,0.9138749050580068,False
st_slope_J80_iqr_V5,0.09348034863066366,0.02341605358920612,0.19521180509607922,0.2682870821606085,False,False,0.38015290897318754,False
t_peak_to_end_skew_V1,-0.09340655194456886,0.01669152627165017,-0.17100460889582977,0.3815447364894363,False,False,0.4892982463407885,False
delta_t_to_max_skew_II,-0.09338482634725424,0.03244608616421885,-0.18267821318662023,0.5945663859061991,False,False,0.6894680441726354,False
t_symmetry_skew_V1,-0.09309195041206468,0.028666336724026905,-0.27350870132438504,0.5812662430234827,False,False,0.6816216114771096,False
T_amp_iqr_V5,-0.09293644544746163,-0.052416845568150974,-0.054224165265711964,0.005896749632453736,False,False,0.015222148978335378,False
t_symmetry_std_II,-0.09272274298470147,-0.06002625372894593,-0.10745814902255221,0.32803049716047306,False,False,0.43729817009136873,False
qrs_higuchi_std_V5,0.09059013638408485,0.11302238369488911,0.03882543321337434,0.9348195403911074,False,False,0.9528769757924215,False
t_width_iqr_II,-0.09042196313804765,-0.20765561968617466,-0.034788616308031886,0.9677578848203773,False,False,0.9806232038209436,False
R_amp_iqr_V5,0.08888512470506502,0.16669796226005978,0.08041816934984719,0.11236247497794027,False,False,0.18663597538708723,False
qrs_npeaks_skew_V5,0.0887142463280336,0.054279388861724745,0.16570101828232503,0.32829235801319956,False,False,0.43729817009136873,False
delta_accel_max_skew_V1,0.08826049155552465,0.26607595689774227,-0.0915026124252788,0.3817093342457717,False,False,0.4892982463407885,False
delta_slopemax60_std_II,-0.08776070346509808,-0.2601060687440824,-0.0032527952497439943,0.8858991426582719,False,False,0.9138749050580068,False
qrs_Rsharp_std_V5,-0.08760815967168853,-0.12176695659482573,-0.0614655118390901,0.7824091201099848,False,False,0.83864477561789,False
t_area_skew_V1,-0.08718847668455738,0.2419020963299746,-0.34753931970018875,0.5273145556792729,False,False,0.6302052006898626,False
qrs_arclen_std_V1,-0.08618492339039685,-0.007730103074402446,-0.10305698613975231,0.9110154585323881,True,False,0.9328093402486295,False
RR_mean,0.08594198396455667,0.16420747333626848,0.04164792284974745,0.34651485317827335,False,False,0.45577000031661397,False
RS_ratio_II,-0.08576616276388573,-0.27944541567208264,0.06507595508013778,0.0001710049559888734,False,False,0.0006860198819202757,False
qrs_ninflect_iqr_V5,-0.08472777001029491,-0.16184931247573667,-0.021521841799808518,0.1436908549377098,False,False,0.23084760301468132,False
delta_slopemean_skew_II,0.08460682569937211,0.18655836977450865,0.09647044746493723,0.8278498613402931,False,False,0.8737000075068324,False
qrs_area_std_V5,0.08460526661640147,0.014551798877768633,0.17096159394778448,0.003778709793293168,False,False,0.01054415296659801,False
S_amp_std_V1,0.08415005284659775,0.08642234679904474,0.023130886037489893,0.8324077049932408,False,False,0.8771608074122322,False
qrs_width25_std_II,-0.08388225904527889,-0.08234339630964786,-0.14903698792739073,0.6840234995731822,False,False,0.762992066190574,False
freq_hf_ratio_std_V1,0.08325537174907482,0.3528618097571366,-0.16502387632901386,0.3695802951981535,False,False,0.4765640648607769,False
t_peak_time_iqr_V5,-0.08274473174816419,-0.08062072166194117,-0.10439926689590942,0.6515920992071498,False,False,0.7388300496795119,False
st_slope_J40_iqr_II,0.08205952427564583,0.07076571844083518,0.06315868055773527,0.17188807753842184,False,False,0.26444431185183126,False
qrs_posneg_ratio_skew_V1,0.08172134768742728,-0.008036100919740476,0.15569164389884754,0.14910699815844275,False,False,0.23787767613184124,False
t_downslope_skew_V1,0.08071487069915462,0.02295066269326433,0.1084145327956536,0.29092820899533745,False,False,0.39906928194883107,False
delta_slopemean_skew_V5,0.07990803790473117,-0.01908537760796693,0.30804704571916186,0.18641429763944406,False,False,0.28229626529946716,False
qrs_asym_iqr_V5,0.07981410416938596,0.02042121763334813,0.13991836149354564,0.08749620811742688,False,False,0.1496817924402864,False
qrs_width75_std_V1,-0.07972668310153162,0.018973496185140052,-0.19219386094503146,0.8429538991934061,False,False,0.8835235945327946,False
S_amp_std_II,-0.07944524729909956,-0.06674486852674498,-0.08460238764486622,0.16609225447011133,False,False,0.2577811913269149,False
qrs_moment3_med_V5,0.07944352486308347,0.06380602897386005,0.1875819884682843,0.921257002351541,False,False,0.9418514211820522,False
R_amp_skew_V1,-0.07707535474115867,0.06884169088229006,-0.25079890624874324,0.4887801094770212,False,False,0.5924084012389339,False
qrs_width50_std_V5,0.07704155533220639,0.04580898005151669,0.04821528770038163,0.0004006471926210776,False,False,0.0014389736865866973,False
qrs_fwhm_std_V5,0.07704155533220639,0.04580898005151669,0.04821528770038163,0.0004006471926210776,False,False,0.0014389736865866973,False
delta_slopemax40_std_II,-0.07655509561155392,-0.24075323068990379,0.0022825237102260835,0.5448798195194633,False,False,0.6455743630230601,False
up_down_ratio_skew_II,-0.07654694866732614,0.07106511045986208,-0.2593090721172266,0.46781692944183695,False,False,0.5690113716260641,False
delta_slow_phase_ms_std_V5,0.07584290781517869,-0.04263772675552575,0.13921591253120538,0.18231330166351378,False,False,0.2769931682208576,False
R_amp_iqr_II,0.0754661698193701,0.014040933748118994,0.15829589993727217,0.13651059155179493,False,False,0.2219105824751927,False
t_upslope_skew_V5,-0.07530711880319432,-0.12327536563114262,-0.008528744994084462,0.6266299592783848,False,False,0.7200471558877253,False
S_amp_med_V1,0.07520072548098279,0.31356329833389307,-0.09700769245970339,0.1370031207777434,False,False,0.22218473015019377,False
qrs_nzero_iqr_V5,-0.0744222604851495,-0.01577887743181708,-0.11082869437357243,0.9110528541786906,False,False,0.9328093402486295,False
t_downslope_skew_II,0.07422406202799413,0.1571783570820483,-0.01630239220485075,0.4064901570069043,False,False,0.5125960435785595,False
delta_concavity_med_V5,-0.0728970687680426,-0.2443358634496545,0.034244382620201165,0.8005353526514088,False,False,0.8554007039234681,False
qrs_energy_iqr_II,0.07158752771400974,0.0162809344668606,0.143805617081008,4.184346473631465e-05,True,False,0.00019136411206074566,False
t_symmetry_iqr_V5,-0.07139154644828512,0.14166194385662015,-0.20222240659924062,0.6153935054541713,False,False,0.7085877681700854,False
qrs_p2p_iqr_II,0.07122841892433567,0.0700645101222261,0.08091149038345077,0.7210345925914223,False,False,0.7892016134044113,False
T_amp_std_V1,-0.07109315057536611,0.05197061210711391,-0.05600908652932908,0.5933053984733104,False,False,0.6894680441726354,False
st_t_area_ratio_V5,0.06996581762004696,0.02953843323211471,0.14760084024978246,0.2473015867426428,False,False,0.3564052279526323,False
down_slope_std_V5,-0.06946509833256088,-0.023827118580507237,-0.10982662676551927,0.139181466710934,False,False,0.22518510887665266,False
delta_empatement_area_std_II,-0.0682074705812657,-0.2254210620874039,0.01035651340784103,0.987060938540922,False,False,0.9913964917116728,False
qrs_fwhm_std_V1,0.06783677431363076,0.27533401041130007,-0.1366554936073381,0.00026982199186785234,False,False,0.001028321591229704,False
qrs_width50_std_V1,0.06783677431363076,0.27533401041130007,-0.1366554936073381,0.00026982199186785234,False,False,0.001028321591229704,False
qrs_width25_iqr_II,0.06740195864705427,0.18645718198539463,-0.058183499452502105,0.33316160493902125,False,False,0.4420674293775021,False
delta_slopemax40_skew_V1,0.06739486637085856,0.20462298815467736,-0.04008894947454479,0.19268802079952896,False,False,0.2911541459658081,False
qrs_area_iqr_V5,0.06708734883635112,0.08650437584825191,0.07819850206769724,0.0017405926885712044,False,False,0.005452267508492448,False
st_slope_J80_skew_V1,-0.06695837249835619,0.09002301205161124,-0.19833778112448797,0.4540981522132176,False,False,0.5611492134953274,False
up_arclen_std_II,-0.06688037612375082,-0.19363790505411102,-0.047038256783962513,0.16026946144108523,True,False,0.25159004702193244,False
qrs_p2p_iqr_V5,0.06541627293374518,0.16811847518375764,0.008719848770349772,0.5129253867409975,False,False,0.6151517750075599,False
t_width_skew_II,-0.0644955321420403,0.01755940873341906,-0.1390234072822273,0.4614610575946545,False,False,0.5667485009471054,False
delta_slopemax20_std_II,-0.06385619811973578,-0.2622962723577456,0.043412323934967294,0.30720762244022193,False,False,0.4173157009782025,False
qrs_area_skew_V5,-0.06292242304535531,-0.09622251043812884,0.005642028803993488,0.7213256728929531,False,False,0.7892016134044113,False
qrs_absarea_skew_II,-0.06286972165496038,-0.025296382215074943,0.040018644955870056,0.31207985544764927,False,False,0.42128245083295124,False
R_amp_skew_V5,0.06263807589865515,0.002065594247600872,0.22906124174103218,0.8109685982920976,False,False,0.8625185401990371,False
st_t_area_ratio_II,-0.061500353054391665,-0.10992504368994209,-0.02899367450384927,0.9900258076463708,False,False,0.9929206199494304,False
delta_concavity_std_V1,0.06080716432845684,0.13279796268570485,-0.14070711540823244,0.4548089835326561,False,False,0.5611492134953274,False
qrs_Rsharp_iqr_V1,0.0607284313771916,0.16645164110385027,0.06710275791928791,0.46453304187789135,False,False,0.5680386216189545,False
qrs_entropy_std_V5,-0.06050648328603227,-0.19260418312786357,0.0028462990436231026,0.8179604452249308,False,False,0.8683618456273556,False
st_level_J_iqr_V5,0.06033950154601983,0.009150837683616823,0.22695174552691524,0.21195897449474876,False,False,0.3113572944398237,False
delta_slopemax20_std_V5,-0.05978966463453475,-0.035479431481195735,-0.0790253008579658,0.8406387912397181,False,False,0.8831213028950178,False
t_symmetry_skew_II,0.059519681970846776,0.18037025793033767,-0.07291029075944565,0.5953942522219156,False,False,0.6894680441726354,False
qrs_width75_iqr_V5,-0.059266866186735614,-0.09504332433091697,-0.028353095725008114,0.29278927598564264,False,False,0.4001064608090654,False
qrs_asym_std_V5,0.05910167532310147,-0.026546831716893003,0.14446439425668078,0.8381486760147744,False,False,0.8818558155615571,False
t_peak_time_med_V5,0.058947517526214056,0.26942292235057846,-0.17073761155151426,0.3355103753846814,False,False,0.4434684345161685,False
delta_accel_max_iqr_II,-0.05875224997110292,-0.1399948060979301,-0.01595164399337559,0.04464485408244806,False,False,0.08602912893415554,False
qrs_skew_std_V5,0.058027356248292326,-0.02554615801366752,0.07658153891734147,0.07535638603783547,False,False,0.1321998622229741,False
up_down_ratio_med_II,-0.057525266039563046,-0.18976569385778794,-0.05015200938089423,5.400576726703285e-24,True,False,2.3154972715740336e-22,False
qrs_area_skew_II,0.05721913910779465,0.13046474669049699,0.02362816685906409,0.7318259753675349,False,False,0.7960934845346767,False
t_peak_time_skew_V5,-0.057063840517315806,-0.3007674215484337,0.2160063483896471,0.5300288111967129,False,False,0.6323474164886,False
delta_slopemean_std_V5,-0.05691198266143703,0.011827197890798667,-0.11278516668808079,0.24944989132345674,False,False,0.35874764244840945,False
t_area_skew_V5,-0.05590773840648958,-0.12079579390172658,0.06174530591747575,0.7844252141337718,False,False,0.839494066920074,False
up_slope_iqr_V5,0.05550497410357411,0.14199899523532258,0.013311364514853931,0.04505893357094683,False,False,0.0865838331363292,False
qrs_width50_skew_II,-0.05546404189489559,-0.035397240924884756,-0.15817283785260972,0.7028691844461528,False,False,0.7757364586623907,False
qrs_fwhm_skew_II,-0.05546404189489559,-0.035397240924884756,-0.15817283785260972,0.7028691844461528,False,False,0.7757364586623907,False
t_downslope_iqr_V5,-0.05438589459701718,-0.04624563831318054,-0.04097764121782286,0.9783155383840433,False,False,0.9869477343109613,False
qrs_arclen_med_V1,-0.05387041700386257,-0.3654081361978299,0.24041441908585764,0.288365755461755,False,False,0.39662043648395834,False
delta_accel_max_std_V1,0.05363021109205836,0.28054422467148404,-0.02832878827158132,0.63920836362842,False,False,0.7284002283207578,False
T_amp_iqr_V1,-0.05344258720104348,0.03855009457321008,0.02266544466379065,0.8071218542136632,False,False,0.8597602360102065,False
delta_empatement_area_iqr_V5,-0.05332232246528252,-0.03669382059581428,-0.00754742974312568,0.003776233456966583,False,False,0.01054415296659801,False
qrs_energy_skew_II,-0.052572293297995946,0.06977971511068493,-0.02213812817396451,0.36583806997386237,False,False,0.47351870943786717,False
t_downslope_std_II,-0.05255714494223799,-0.08646068321729065,-0.02849137326899474,0.9651850472109462,False,False,0.9806232038209436,False
st_slope_J80_skew_II,-0.05210890813534777,-0.10813285756611446,0.019495447527417373,0.6816973811657046,False,False,0.7628783091022404,False
T_amp_skew_II,-0.051639741778177636,0.025135124927654778,-0.06998261403867238,0.9506912616427232,False,False,0.9676175155592109,False
t_area_iqr_V1,0.05160927493124756,0.11131505251167209,-0.1240378990454474,0.668191233645067,False,False,0.7514412889844524,False
delta_slopemean_iqr_II,0.0513197345485662,0.09960977048468411,0.058085206794099835,0.03543221258597435,False,False,0.0712800522990569,False
qrs_higuchi_skew_V1,-0.05122313521398806,-0.05858281090412879,0.024108198581620388,0.4464262478657357,False,False,0.5547978370215484,False
qrs_nzero_med_V5,0.05064893297337917,0.0572812472706795,0.061899100962623806,0.3550400983209565,False,False,0.46215845815593204,False
qrs_skew_iqr_V5,0.05026540517433986,0.01940323036508257,0.08476596319136853,0.016602909323159606,False,False,0.03775730003937794,False
qrs_arclen_iqr_V5,-0.0500285500466199,0.019458952220401855,-0.058190002915646,0.2397327498144335,False,False,0.3476885124158592,False
t_peak_time_iqr_V1,-0.049725036715066416,0.22902047816274876,-0.3675639968241054,0.040747104664177435,False,False,0.07918559150035615,False
up_arclen_std_V5,-0.04947260235110312,-0.02528364761188061,-0.051372266987045806,0.1967523854138684,True,False,0.2949501696968517,False
delta_slow_phase_ms_iqr_V5,0.049204667515780974,0.03550879300846951,0.050312893653688615,0.17699653652567882,False,False,0.2701359438848961,False
qrs_Rsharp_iqr_V5,-0.04810901829285517,0.03664937531127294,-0.04733269423409981,0.23458346798515528,False,False,0.340941226775035,False
delta_slopemax40_std_V5,-0.047768596078314046,-0.0558299523869846,-0.04132301812451626,0.6568063107912573,False,False,0.7422885159848476,False
qrs_width75_skew_V5,0.04634873277660173,0.001800282718070683,0.020920765085375263,0.4687140559033408,False,False,0.5690935262826403,False
st_slope_std_V1,-0.04599291282303765,-0.06613232626975617,-0.028168365755521813,0.384979116726337,False,False,0.48997342128806526,False
delta_smoothness_iqr_V5,0.045671712405121946,0.026278721056920418,0.07036047923316914,0.0005379228066961328,False,False,0.0018731728192565844,False
qrs_energy_iqr_V5,0.044302409581642194,0.026785537433423007,0.11008227955093773,6.49745425942659e-08,True,False,5.065060934053001e-07,False
up_arclen_iqr_V5,-0.044042192651113594,-0.010396060847517553,-0.04611497705750386,0.09895438721456054,False,False,0.16678798434690056,False
t_upslope_std_V1,-0.043964980882114146,-0.05571579872183564,-0.026115948760005454,0.42920487671663554,False,False,0.5382715638530383,False
up_slope_std_II,0.0438926999205107,-0.12254081361341984,0.14054053127767263,0.12068904024744447,False,False,0.19950043761384798,False
qrs_p2p_med_V5,0.04343220463246095,0.28919641256284045,0.042406386722891994,0.7657097562992089,False,False,0.8272077052303264,False
t_downslope_skew_V5,0.04271927625602264,0.0362185675026778,0.021600516360238083,0.8189943354532057,False,False,0.8683618456273556,False
S_amp_skew_V5,0.0426405238218082,0.1287380325709361,-0.15422433869953653,0.8816566485365455,False,False,0.9136200315650607,False
delta_vel_half_iqr_II,0.04194780568496868,0.12215043694536912,0.02318408631100228,0.00035673060515455676,False,False,0.0013086481023316895,False
delta_t_to_max_skew_V5,-0.041816084129797045,-0.0015063063388083392,-0.054988051024536196,0.5948384228951492,False,False,0.6894680441726354,False
delta_concavity_iqr_II,0.04170152325483848,-0.003881042702062066,0.08737737934769287,0.29814302806778425,False,False,0.40661255915407557,False
qrs_width75_iqr_V1,-0.04141422331465379,0.03448357553074038,-0.07577424062714952,0.1458307974090715,False,False,0.23373814724911932,False
qrs_absarea_skew_V1,0.040818123675109196,0.27171854765482784,-0.07307221876233369,0.2642186966660828,False,False,0.37604569691479833,False
up_arclen_iqr_II,-0.04046509287001891,-0.08172374673263605,-0.029613081542631897,0.0845711502737603,True,False,0.14540303029523702,False
T_amp_iqr_II,-0.03926463604749722,-0.09567806865068183,0.04265516574215752,0.2182282312839222,False,False,0.31988155269395435,False
st_slope_skew_II,-0.03836640695644064,-0.02594645544991823,-0.028866566888194705,0.7597417872834515,False,False,0.8220549938114318,False
qrs_arclen_iqr_II,-0.038081318369112924,-0.07298501018641983,-0.01611733803590955,0.05497425671433534,False,False,0.10220146370198929,False
QR_ratio_II,0.037216094628942806,0.01984916182513603,0.09955070308447134,1.9801968447579427e-19,True,False,4.85148226965696e-18,False
qrs_asym_med_V5,0.036596458581768576,-0.0025390072058545164,0.07122534156851135,0.40587608748700577,False,False,0.5125960435785595,False
freq_hf_ratio_std_V5,-0.036475071961066585,-0.15224436277409453,0.03792095891376319,0.31258420914573204,False,False,0.42128245083295124,False
Q_amp_std_II,-0.036367667188668885,-0.0973160188633651,0.0342340952604603,0.07554832532877334,False,False,0.1321998622229741,False
qrs_moment3_std_II,-0.03518355689747867,-0.10062929405785874,-0.013759559354289446,0.905990784481214,True,False,0.9304037098115461,False
qrs_Rsharp_skew_V1,0.03518316285835603,0.22551289770143773,-0.05365479313596358,0.38295753210179484,False,False,0.4892982463407885,False
qrs_kurt_std_II,0.035024780038091924,-0.0980993797442602,0.10371404913008694,0.6364667377310493,False,False,0.7276936368058331,False
R_amp_std_II,-0.03482049921318879,-0.1695871117620961,0.06121535146647843,0.4626518375078411,False,False,0.5667485009471054,False
st_slope_J40_skew_II,0.034580628221930025,-0.05447006167828132,0.16130655628985707,0.8059271709120239,False,False,0.8597602360102065,False
Q_amp_skew_V1,-0.034500755753666366,-0.05848854911597778,0.0669244030332593,0.7477973229115387,False,False,0.810409105082647,False
delta_slopemax60_std_V5,-0.03431077322028644,-0.057001060502631366,-0.015086018664797356,0.5904305827391452,False,False,0.6894680441726354,False
RS_ratio_V5,0.03413669276073101,0.03892198924269688,0.033202814702775585,2.7372197556287863e-14,True,False,4.1727394496918834e-13,False
qrs_skew_std_II,0.03260609760055112,-0.0826996054060733,0.0521983496184901,0.11009619125253689,False,False,0.18331550291077744,False
t_peak_time_std_V5,-0.0324108191398555,0.06385925487784988,-0.15724669570631927,0.9666092894957483,False,False,0.9806232038209436,False
t_area_iqr_V5,-0.03216902756182287,-0.17084909211511215,0.12779176947857412,3.117311226065325e-06,False,False,1.782062917567344e-05,False
qrs_p2p_skew_V1,0.03157009903887295,0.17833084033371693,0.04401605941864906,0.14993974352590744,False,False,0.2380987593953067,False
up_down_ratio_med_V5,-0.031280553751554654,-0.1621265218946544,0.03282089133200861,1.4464862299471429e-30,False,False,1.9845791074874803e-28,False
delta_slopemax20_iqr_II,0.03115349220546978,0.007344414307308599,0.0666937622735549,0.5098046532513723,False,False,0.612479846112857,False
t_downslope_med_V5,-0.030715240044318266,0.10756221730169076,-0.2154584633161903,0.9966844153564887,False,False,0.9967729009722475,False
Q_amp_iqr_II,-0.030435957925123727,-0.17230696323982125,0.11422498926900353,0.43094540869367814,False,False,0.5384855197884576,False
delta_slopemax60_skew_V1,0.02963434967798212,0.19188773380550808,-0.10598844521147317,0.42898462928176384,False,False,0.5382715638530383,False
T_amp_std_II,-0.029423383224853078,-0.06383952228500071,0.02084320269113312,0.5578000684758315,False,False,0.6597428396110697,False
qrs_energy_skew_V1,-0.028885659004012652,0.28372769626052197,-0.15464070881868955,0.7057079445617725,False,False,0.7758263621304102,False
st_slope_J40_std_V5,0.028812648723036086,0.0886537995293507,0.023143440765999005,0.7322667474364154,False,False,0.7960934845346767,False
TR_ratio_II,-0.028089012386876392,-0.026003581181925004,-0.031534803450577395,0.054249442106964314,False,False,0.10112803610156934,False
qrs_fwhm_iqr_V5,-0.027980853718954823,0.013117531181023122,-0.06371359627583696,0.0658371792731808,False,False,0.11916703161319796,False
qrs_width50_iqr_V5,-0.027980853718954823,0.013117531181023122,-0.06371359627583696,0.0658371792731808,False,False,0.11916703161319796,False
qrs_energy_std_II,-0.027266551117663147,-0.10093585896260732,0.04362995372741755,0.0024004658415846536,False,False,0.007318753632564765,False
delta_vel_half_med_II,0.027074028761968055,-0.30348104053279473,0.23712684747871385,0.3749450681746018,False,False,0.4825747031290372,False
t_upslope_skew_II,-0.026924287142811896,-0.07415274498617831,0.02082151134449758,0.8435976011938491,False,False,0.8835235945327946,False
delta_slopemean_std_II,-0.026543204592876124,-0.16357501398241825,0.018941520437954655,0.03833614948979437,False,False,0.0755706854885027,False
R_amp_std_V5,0.024815670671833663,0.06576708439069609,0.009297764898828893,0.14992026992268,False,False,0.2380987593953067,False
up_arclen_skew_V1,-0.02290659406656292,0.10293298359514094,-0.14315975287180338,0.8619713986389743,False,False,0.8977389005430906,False
up_slope_std_V5,-0.02187665840667467,0.036440486445162255,-0.07552937994441762,0.0407269018710729,False,False,0.07918559150035615,False
ST_seg_ms,0.02163483740612476,-0.018540821560727967,0.01704661574520126,0.5721846167453404,False,False,0.6732738371994914,False
t_peak_time_med_II,0.02163483740612476,-0.018540821560727967,0.01704661574520126,0.5721846167453404,False,False,0.6732738371994914,False
qrs_moment3_iqr_II,-0.021298735502324584,-0.04247003406209538,0.00471014993816018,0.8232025811690162,False,False,0.87147680660794,False
qrs_Rsharp_iqr_II,-0.020397954094344,-0.036187329789254305,0.001657868192111281,0.46607369459918324,False,False,0.5689084599555867,False
qrs_Rsharp_std_V1,0.019504573960311397,0.041802139816476215,-0.008873622449755746,0.7446824807737551,False,False,0.8083104142575885,False
st_slope_J40_skew_V1,-0.019327745048766762,0.025231404109763125,-0.02074781718266772,0.7033645441516138,False,False,0.7757364586623907,False
up_arclen_std_V1,0.019311305063851,0.17757904248759482,-0.0016665870208791684,4.662135309723089e-06,False,False,2.498613142554718e-05,False
delta_empatement_area_iqr_II,-0.019256854895132198,-0.029176568308254932,-3.0926237777773025e-05,0.8857158426860534,False,False,0.9138749050580068,False
qrs_higuchi_med_V1,0.019037610608570274,0.22963073553596766,-0.13590350633057868,0.9967729009722475,False,False,0.9967729009722475,False
delta_vel_quarter_skew_II,0.018613834959076623,0.06342298706905768,-0.0541164416286037,0.6907504763953427,False,False,0.7674686718451588,False
t_width_med_V5,-0.01774962294048822,0.14042908175453148,-0.21175342635619543,0.648130736081719,False,False,0.7361219949537405,False
qrs_moment3_med_V1,0.01766670377720989,0.20497313209041332,-0.10376524934309632,0.06258161557346437,False,False,0.11448263542239082,False
delta_time_to_half_skew_V5,-0.017176667865314514,-0.1073768934432671,0.11180398661954297,0.9754544705563282,False,False,0.985510702211548,False
delta_smoothness_iqr_V1,-0.017057665489232942,-0.003167527939708345,-0.023780090500195996,0.5673049321629768,False,False,0.6698299199032738,False
st_slope_iqr_V5,-0.016902168169253398,-0.03472303999582208,0.06052371049817135,0.3246227496800246,False,False,0.4348363188502538,False
qrs_energy_std_V5,0.016680421286531785,0.02262056010316271,0.03281193299143876,6.593225786050088e-07,False,False,4.187919341879963e-06,False
qrs_entropy_skew_V5,0.014866038343884646,0.06106406614986993,-0.09124101752904817,0.6566531061492873,False,False,0.7422885159848476,False
qrs_moment3_std_V5,-0.01380904468364924,-0.008526076567085336,-0.01337963026554397,0.325176430860321,True,False,0.4348363188502538,False
t_upslope_iqr_V5,-0.013688659063721237,-0.037558010627091624,0.07317397211486927,0.35358029232289157,False,False,0.46201158196857833,False
up_slope_skew_V1,-0.012922094017012409,0.11210088712771336,-0.14066954129376388,0.683331959590287,False,False,0.762992066190574,False
delta_slopemean_iqr_V5,0.01270116693056124,0.10624795708873455,-0.03116451075447054,0.27423386644306236,False,False,0.3857998254098356,False
qrs_absarea_std_II,-0.011635773256355066,-0.06717292632199069,-0.014183018361848524,0.0037965098873902455,False,False,0.01054415296659801,False
st_slope_J80_std_V5,0.01060010679129812,0.001668210645368168,0.05738303274574622,0.8585719569242745,False,False,0.8964693492390445,False
t_upslope_iqr_II,0.010389308952518436,-0.01860165195247442,0.05669377894642665,0.8801762135401392,False,False,0.9134657828873457,False
st_level_J_med_V5,0.01027814276796749,-0.16831340772299083,0.11164845645301812,0.41344247382103616,False,False,0.5204064899839098,False
st_slope_iqr_II,0.010241424365796819,-0.016186374229743294,0.053027238393431035,0.8928425009097882,False,False,0.9182757955384029,False
Q_amp_std_V5,-0.010231160109156081,-0.06195541861930233,0.07940264715640732,0.3832896531139871,False,False,0.4892982463407885,False
up_down_ratio_std_II,0.010169386916428899,0.07660149411026698,-0.012625593578353788,0.16184957294636737,False,False,0.25349042703472147,False
delta_slopemax20_iqr_V5,0.010131764427195517,0.06024249174769636,0.0083730764473594,0.6977074545251604,False,False,0.7732266781975121,False
up_slope_med_V5,-0.009877956620254685,0.07773677928080151,0.06608513563040383,0.8783079181396065,False,False,0.9129079270360152,False
delta_slopemean_skew_V1,-0.009424394039761396,0.13298739276212418,-0.12703286578290168,0.6805331967366494,False,False,0.7628198904597082,False
qrs_arclen_iqr_V1,-0.009243492332714815,0.13468528397734786,-0.045311850889076605,0.644542556914246,False,False,0.7332606866387608,False
t_width_std_V1,-0.009072743264146832,0.18470183582885713,-0.3920246631167762,0.4525380528271611,False,False,0.560363004042297,False
delta_slopemax60_iqr_II,-0.008411162922938505,-0.027823070160013993,0.016633595110275817,0.7048428669046705,False,False,0.7758263621304102,False
up_down_ratio_std_V5,0.00796376713196303,-0.0063792871810705466,0.49508377324898994,0.5770029994458123,False,False,0.677780920581896,False
qrs_moment3_iqr_V5,-0.007946682082014992,-0.003396371956711119,-0.016212188056905018,0.635820638032587,False,False,0.7276936368058331,False
qrs_posneg_ratio_std_II,-0.007772596639648069,-0.0026191251138251164,-0.009394041318282859,0.22944837715446997,False,False,0.3348969930382264,False
QR_ratio_V1,-0.00772988255239365,-0.010188315238248424,-0.005020886013059707,0.0029825070491231354,False,False,0.008818964809045133,False
qrs_energy_std_V1,0.0076422247545541635,0.05093932405721853,0.013472077327520756,0.12267966111903808,False,False,0.20230347963379836,False
delta_smoothness_std_V5,-0.007383684080695054,-0.009419379235246831,-0.0064414313749486,0.0075902580136932764,False,False,0.018865641294904305,False
qrs_p2p_med_II,-0.006977965794369002,-0.1646412720862375,0.18896160392093106,0.6637712270202213,False,False,0.7481425519539838,False
qrs_moment3_std_V1,-0.006513797509178584,-0.0201092089385362,-0.006129758439743915,0.05132717697298266,False,False,0.09699846667621517,False
S_amp_iqr_II,0.006193313556674558,0.11070614056181947,-0.02128253454688605,0.28652002034132595,False,False,0.3954783379359147,False
t_downslope_iqr_II,-0.005800308154061135,-0.05280443066627542,0.04206468909048978,0.6795402272625499,False,False,0.7628198904597082,False
TR_ratio_V1,-0.005110979559516953,-0.007964876025002668,-0.0019738311776012056,0.024862045867061332,False,False,0.05264001069383973,False
st_level_J_std_V5,0.004599108391852792,0.024633781091575036,0.04623271551128906,0.4677096991933011,False,False,0.5690113716260641,False
PR_seg_ms,-0.004425432824705856,-0.016158376982603362,0.04190361549627081,0.8891137706705907,False,False,0.9158138839039418,False
qrs_posneg_ratio_std_V1,-0.004322624943015555,0.006372638618558321,-0.005074454715792329,0.0007418950449757835,False,False,0.0025320398052407337,False
delta_slopemax60_iqr_V5,-0.004076819356148403,0.03750518646719415,0.00264617148288826,0.2626629456893206,False,False,0.375389126547654,False
QR_ratio_V5,0.003993183781742271,0.07896273085500542,0.0033876825884429133,1.553403743669611e-09,False,False,1.402151273891254e-08,False
qrs_p2p_std_V5,-0.003939341925687981,0.03133146486370897,-0.0346336859229699,0.40195259544799444,False,False,0.5089975080879643,False
delta_smoothness_std_V1,0.003920644965902833,0.012817947465994291,-0.010619138047184923,0.6641673675509856,False,False,0.7481425519539838,False
delta_slopemax40_iqr_V5,-0.0035816950789632615,0.03905460738361348,0.0015747987629234,0.28448721366145646,False,False,0.39472571746599133,False
qrs_posneg_ratio_std_V5,-0.002263090082579259,-0.006321772029938758,0.10308254258112458,1.742177614742825e-24,False,False,8.536670312239844e-23,False
qrs_moment3_med_II,0.002087167603770974,-0.1379748386643755,0.11926670708351496,0.0001240402552165896,False,False,0.0005126000908348221,False
qrs_moment3_iqr_V1,0.0018490767619035798,-0.021556750946032138,0.00930965001174902,0.07573548958254932,False,False,0.1321998622229741,False
delta_accel_max_med_V1,0.0016485725970259541,-0.07741665807032902,0.2569066485397397,0.4569396664732719,False,False,0.5627659087983206,False
up_down_ratio_iqr_II,0.00157535046549978,0.017737302572389445,-0.003327444293042127,0.00883040229101979,False,False,0.02148104954482119,False
t_downslope_std_V1,0.0013614035299890147,0.23568489703045556,-0.15550710283411676,0.3548709133306742,False,False,0.46215845815593204,False
qrs_posneg_ratio_skew_II,-0.0013476037601961182,0.016040982566541226,0.0521830325447476,0.9299918872238284,False,False,0.9493667182076582,False
up_down_ratio_iqr_V5,-0.0013374249149534236,-0.00799115401889189,0.5032735663398501,0.06821764030903107,False,False,0.12282756234119506,False
qrs_kurt_std_V5,-0.001207356094681305,-0.10465720391000756,0.05804608212370406,0.5959978865807184,False,False,0.6894680441726354,False
down_slope_iqr_V5,-0.0006609098077983589,0.05159209278420243,-0.01606897983282047,0.02170363389208621,False,False,0.04726569158720997,False
TR_ratio_V5,-0.0006286145491210668,-0.07003166890112966,0.027822938561677567,0.00040526896140045016,False,False,0.0014404896762731027,False
delta_slopemax40_iqr_II,-0.0005847460864749528,-0.011981347112757418,0.021869427200604256,0.7740823338238934,False,False,0.8336271287334236,False
qrs_width25_med_V5,0.00042577088097677906,0.12476341864857445,-0.08514511927781872,5.4797253132225275e-05,False,False,0.000242522036443268,False
S_amp_skew_II,-5.160475634801043e-07,-0.06806434517992876,-0.026935456866841043,0.7287994808845977,False,False,0.7948433130156344,False
t_amp_med_II,,,,,False,False,,False
t_amp_std_II,,,,,False,False,,False
t_amp_iqr_II,,,,,False,False,,False
t_amp_skew_II,,,,,False,False,,False
t_amp_med_V1,,,,,False,False,,False
t_amp_std_V1,,,,,False,False,,False
t_amp_iqr_V1,,,,,False,False,,False
t_amp_skew_V1,,,,,False,False,,False
t_amp_med_V5,,,,,False,False,,False
t_amp_std_V5,,,,,False,False,,False
t_amp_iqr_V5,,,,,False,False,,False
t_amp_skew_V5,,,,,False,False,,False
